warning: verso: repository '<repository>\.lake/packages\verso' has local changes
⚠ [3017/3020] Replayed QuantumBlockEncoding.Robin.ComplexLCU
warning: QuantumBlockEncoding/Robin/ComplexLCU.lean:118:22: `Matrix.reindexAlgEquiv_mul` has been deprecated: Use `map_mul` instead

Note: The updated constant has a different type:
  ∀ {M : Type u_4} {N : Type u_5} {F : Type u_9} [inst : Mul M] [inst_1 : Mul N] [inst_2 : FunLike F M N]
    [MulHomClass F M N] (f : F) (x y : M), f (x * y) = f x * f y
instead of
  ∀ {m : Type u_2} {n : Type u_3} (R : Type u_11) (A : Type u_12) [inst : CommSemiring R] [inst_1 : Fintype n]
    [inst_2 : Fintype m] [inst_3 : DecidableEq m] [inst_4 : DecidableEq n] [inst_5 : Semiring A] [inst_6 : Algebra R A]
    (e : m ≃ n) (M N : _root_.Matrix m m A),
    (Matrix.reindexAlgEquiv R A e) (M * N) = (Matrix.reindexAlgEquiv R A e) M * (Matrix.reindexAlgEquiv R A e) N

Note: The updated constant is in a different namespace. Dot notation may need to be changed (e.g., from `x.reindexAlgEquiv_mul` to `map_mul x`).
warning: QuantumBlockEncoding/Robin/ComplexLCU.lean:218:10: This simp argument is unused:
  hit

Hint: Omit it from the simp argument list.
  [apply] simp [forward]

Note: This linter can be disabled with `set_option linter.unusedSimpArgs false`
warning: QuantumBlockEncoding/Robin/ComplexLCU.lean:244:13: `Matrix.reindexAlgEquiv_apply` has been deprecated: Use `Matrix.coe_reindexAlgEquiv` instead

Note: The updated constant has a different type:
  ∀ {m : Type u_2} {n : Type u_3} (R : Type u_11) (A : Type u_12) [inst : CommSemiring R] [inst_1 : Fintype n]
    [inst_2 : Fintype m] [inst_3 : DecidableEq m] [inst_4 : DecidableEq n] [inst_5 : Semiring A] [inst_6 : Algebra R A]
    (e : m ≃ n), ⇑(Matrix.reindexAlgEquiv R A e) = ⇑(Matrix.reindex e e)
instead of
  ∀ {m : Type u_2} {n : Type u_3} (R : Type u_11) (A : Type u_12) [inst : CommSemiring R] [inst_1 : Fintype n]
    [inst_2 : Fintype m] [inst_3 : DecidableEq m] [inst_4 : DecidableEq n] [inst_5 : Semiring A] [inst_6 : Algebra R A]
    (e : m ≃ n) (M : _root_.Matrix m m A), (Matrix.reindexAlgEquiv R A e) M = (Matrix.reindex e e) M
⚠ [3020/3198] Replayed QuantumBlockEncoding.GHL2025
warning: QuantumBlockEncoding/GHL2025.lean:5579:0: Definition `bandedSparseAccessPostSwapCleanup_of_preimage` is a proposition; use `theorem` instead of `def`

Note: This linter can be disabled with `set_option linter.defProp false`
⚠ [3030/3198] Replayed QuantumBlockEncoding.PrimitiveSemantics
warning: QuantumBlockEncoding/PrimitiveSemantics.lean:216:36: `Matrix.reindexAlgEquiv_apply` has been deprecated: Use `Matrix.coe_reindexAlgEquiv` instead

Note: The updated constant has a different type:
  ∀ {m : Type u_2} {n : Type u_3} (R : Type u_11) (A : Type u_12) [inst : CommSemiring R] [inst_1 : Fintype n]
    [inst_2 : Fintype m] [inst_3 : DecidableEq m] [inst_4 : DecidableEq n] [inst_5 : Semiring A] [inst_6 : Algebra R A]
    (e : m ≃ n), ⇑(Matrix.reindexAlgEquiv R A e) = ⇑(Matrix.reindex e e)
instead of
  ∀ {m : Type u_2} {n : Type u_3} (R : Type u_11) (A : Type u_12) [inst : CommSemiring R] [inst_1 : Fintype n]
    [inst_2 : Fintype m] [inst_3 : DecidableEq m] [inst_4 : DecidableEq n] [inst_5 : Semiring A] [inst_6 : Algebra R A]
    (e : m ≃ n) (M : _root_.Matrix m m A), (Matrix.reindexAlgEquiv R A e) M = (Matrix.reindex e e) M
warning: QuantumBlockEncoding/PrimitiveSemantics.lean:223:10: This simp argument is unused:
  contextsEqual

Hint: Omit it from the simp argument list.
  [apply] simp [splitPrimitiveWire]

Note: This linter can be disabled with `set_option linter.unusedSimpArgs false`
warning: QuantumBlockEncoding/PrimitiveSemantics.lean:224:10: This simp argument is unused:
  contextsEqual

Hint: Omit it from the simp argument list.
  [apply] simp [splitPrimitiveWire]

Note: This linter can be disabled with `set_option linter.unusedSimpArgs false`
warning: QuantumBlockEncoding/PrimitiveSemantics.lean:317:36: `Matrix.reindexAlgEquiv_apply` has been deprecated: Use `Matrix.coe_reindexAlgEquiv` instead

Note: The updated constant has a different type:
  ∀ {m : Type u_2} {n : Type u_3} (R : Type u_11) (A : Type u_12) [inst : CommSemiring R] [inst_1 : Fintype n]
    [inst_2 : Fintype m] [inst_3 : DecidableEq m] [inst_4 : DecidableEq n] [inst_5 : Semiring A] [inst_6 : Algebra R A]
    (e : m ≃ n), ⇑(Matrix.reindexAlgEquiv R A e) = ⇑(Matrix.reindex e e)
instead of
  ∀ {m : Type u_2} {n : Type u_3} (R : Type u_11) (A : Type u_12) [inst : CommSemiring R] [inst_1 : Fintype n]
    [inst_2 : Fintype m] [inst_3 : DecidableEq m] [inst_4 : DecidableEq n] [inst_5 : Semiring A] [inst_6 : Algebra R A]
    (e : m ≃ n) (M : _root_.Matrix m m A), (Matrix.reindexAlgEquiv R A e) M = (Matrix.reindex e e) M
⚠ [3033/3198] Replayed QuantumBlockEncoding.PrimitiveMacros
warning: QuantumBlockEncoding/PrimitiveMacros.lean:34:6: This simp argument is unused:
  Fin.sum_univ_two

Hint: Omit it from the simp argument list.
  [apply] simp [hadamardMatrix, standardRyMatrix, standardRzMatrix, realRotation, realOrthogonalRotation,
    _root_.Matrix.mul_apply, half, Real.cos_pi_div_four, Real.sin_pi_div_four, Real.cos_pi_div_two, Real.sin_pi_div_two]

Note: This linter can be disabled with `set_option linter.unusedSimpArgs false`
info: QuantumBlockEncoding/PrimitiveMacros.lean:69:4: Try this:
  [apply] ring_nf
  
  The `ring` tactic failed to close the goal. Use `ring_nf` to obtain a normal form.
    
  Note that `ring` works primarily in *commutative* rings. If you have a noncommutative ring, abelian group or module, consider using `noncomm_ring`, `abel` or `module` instead.
warning: QuantumBlockEncoding/PrimitiveMacros.lean:67:4: Unused tactic linter: `congr 2` does nothing

Note: This linter can be disabled with `set_option linter.unusedTactic false`
warning: QuantumBlockEncoding/PrimitiveMacros.lean:73:4: Unused tactic linter: `push_cast` does nothing

Note: This linter can be disabled with `set_option linter.unusedTactic false`
info: QuantumBlockEncoding/PrimitiveMacros.lean:96:65: Try this:
  [apply] ring_nf
  
  The `ring` tactic failed to close the goal. Use `ring_nf` to obtain a normal form.
    
  Note that `ring` works primarily in *commutative* rings. If you have a noncommutative ring, abelian group or module, consider using `noncomm_ring`, `abel` or `module` instead.
warning: QuantumBlockEncoding/PrimitiveMacros.lean:96:51: Unused tactic linter: `push_cast` does nothing

Note: This linter can be disabled with `set_option linter.unusedTactic false`
warning: QuantumBlockEncoding/PrimitiveMacros.lean:96:47: Used `tac1 <;> tac2` where `(tac1; tac2)` would suffice

Note: This linter can be disabled with `set_option linter.unnecessarySeqFocus false`
warning: QuantumBlockEncoding/PrimitiveMacros.lean:96:61: Used `tac1 <;> tac2` where `(tac1; tac2)` would suffice

Note: This linter can be disabled with `set_option linter.unnecessarySeqFocus false`
warning: QuantumBlockEncoding/PrimitiveMacros.lean:103:8: `Matrix.reindexAlgEquiv_mul` has been deprecated: Use `map_mul` instead

Note: The updated constant has a different type:
  ∀ {M : Type u_4} {N : Type u_5} {F : Type u_9} [inst : Mul M] [inst_1 : Mul N] [inst_2 : FunLike F M N]
    [MulHomClass F M N] (f : F) (x y : M), f (x * y) = f x * f y
instead of
  ∀ {m : Type u_2} {n : Type u_3} (R : Type u_11) (A : Type u_12) [inst : CommSemiring R] [inst_1 : Fintype n]
    [inst_2 : Fintype m] [inst_3 : DecidableEq m] [inst_4 : DecidableEq n] [inst_5 : Semiring A] [inst_6 : Algebra R A]
    (e : m ≃ n) (M N : _root_.Matrix m m A),
    (Matrix.reindexAlgEquiv R A e) (M * N) = (Matrix.reindexAlgEquiv R A e) M * (Matrix.reindexAlgEquiv R A e) N

Note: The updated constant is in a different namespace. Dot notation may need to be changed (e.g., from `x.reindexAlgEquiv_mul` to `map_mul x`).
warning: QuantumBlockEncoding/PrimitiveMacros.lean:140:10: This simp argument is unused:
  evalGlobalPhase

Hint: Omit it from the simp argument list.
  [apply] simp [ExactAngle.eval]

Note: This linter can be disabled with `set_option linter.unusedSimpArgs false`
warning: QuantumBlockEncoding/PrimitiveMacros.lean:141:4: Unused tactic linter: `push_cast` does nothing

Note: This linter can be disabled with `set_option linter.unusedTactic false`
warning: QuantumBlockEncoding/PrimitiveMacros.lean:160:10: This simp argument is unused:
  evalGlobalPhase

Hint: Omit it from the simp argument list.
  [apply] simp [ExactAngle.eval]

Note: This linter can be disabled with `set_option linter.unusedSimpArgs false`
warning: QuantumBlockEncoding/PrimitiveMacros.lean:161:4: Unused tactic linter: `push_cast` does nothing

Note: This linter can be disabled with `set_option linter.unusedTactic false`
warning: QuantumBlockEncoding/PrimitiveMacros.lean:359:42: This simp argument is unused:
  Ne.symm a_ne_b

Hint: Omit it from the simp argument list.
  [apply] simp [primitiveCCXMiddle, MonomialProgram.seq, MonomialProgram.cx, MonomialProgram.t, MonomialProgram.tdg,
    cxBasisEquiv_apply, cxBasisAction, xBasisAction, flipBit, ha, hb, ht, wa, wb, wt, a_ne_b, a_ne_target, b_ne_target,
    Ne.symm a_ne_target, Ne.symm b_ne_target]

Note: This linter can be disabled with `set_option linter.unusedSimpArgs false`
warning: QuantumBlockEncoding/PrimitiveMacros.lean:360:8: This simp argument is unused:
  Ne.symm a_ne_target

Hint: Omit it from the simp argument list.
  [apply] simp [primitiveCCXMiddle, MonomialProgram.seq, MonomialProgram.cx, MonomialProgram.t, MonomialProgram.tdg,
    cxBasisEquiv_apply, cxBasisAction, xBasisAction, flipBit, ha, hb, ht, wa, wb, wt, a_ne_b, a_ne_target, b_ne_target,
    Ne.symm a_ne_b, Ne.symm b_ne_target]

Note: This linter can be disabled with `set_option linter.unusedSimpArgs false`
warning: QuantumBlockEncoding/PrimitiveMacros.lean:379:6: This simp argument is unused:
  Ne.symm a_ne_b

Hint: Omit it from the simp argument list.
  [apply] simp [primitiveCCXMiddle, MonomialProgram.seq, MonomialProgram.cx, MonomialProgram.t, MonomialProgram.tdg,
    cxBasisEquiv_apply, cxBasisAction, xBasisAction, flipBit, ha, hb, ht, a_ne_b, a_ne_target, b_ne_target,
    Ne.symm a_ne_target, Ne.symm b_ne_target, ← Complex.exp_add]

Note: This linter can be disabled with `set_option linter.unusedSimpArgs false`
warning: QuantumBlockEncoding/PrimitiveMacros.lean:379:22: This simp argument is unused:
  Ne.symm a_ne_target

Hint: Omit it from the simp argument list.
  [apply] simp [primitiveCCXMiddle, MonomialProgram.seq, MonomialProgram.cx, MonomialProgram.t, MonomialProgram.tdg,
    cxBasisEquiv_apply, cxBasisAction, xBasisAction, flipBit, ha, hb, ht, a_ne_b, a_ne_target, b_ne_target,
    Ne.symm a_ne_b, Ne.symm b_ne_target, ← Complex.exp_add]

Note: This linter can be disabled with `set_option linter.unusedSimpArgs false`
warning: QuantumBlockEncoding/PrimitiveMacros.lean:379:43: This simp argument is unused:
  Ne.symm b_ne_target

Hint: Omit it from the simp argument list.
  [apply] simp [primitiveCCXMiddle, MonomialProgram.seq, MonomialProgram.cx, MonomialProgram.t, MonomialProgram.tdg,
    cxBasisEquiv_apply, cxBasisAction, xBasisAction, flipBit, ha, hb, ht, a_ne_b, a_ne_target, b_ne_target,
    Ne.symm a_ne_b, Ne.symm a_ne_target, ← Complex.exp_add]

Note: This linter can be disabled with `set_option linter.unusedSimpArgs false`
warning: QuantumBlockEncoding/PrimitiveMacros.lean:418:31: Used `tac1 <;> tac2` where `(tac1; tac2)` would suffice

Note: This linter can be disabled with `set_option linter.unnecessarySeqFocus false`
warning: QuantumBlockEncoding/PrimitiveMacros.lean:429:31: Used `tac1 <;> tac2` where `(tac1; tac2)` would suffice

Note: This linter can be disabled with `set_option linter.unnecessarySeqFocus false`
warning: QuantumBlockEncoding/PrimitiveMacros.lean:458:4: `Matrix.reindexAlgEquiv_apply` has been deprecated: Use `Matrix.coe_reindexAlgEquiv` instead

Note: The updated constant has a different type:
  ∀ {m : Type u_2} {n : Type u_3} (R : Type u_11) (A : Type u_12) [inst : CommSemiring R] [inst_1 : Fintype n]
    [inst_2 : Fintype m] [inst_3 : DecidableEq m] [inst_4 : DecidableEq n] [inst_5 : Semiring A] [inst_6 : Algebra R A]
    (e : m ≃ n), ⇑(Matrix.reindexAlgEquiv R A e) = ⇑(Matrix.reindex e e)
instead of
  ∀ {m : Type u_2} {n : Type u_3} (R : Type u_11) (A : Type u_12) [inst : CommSemiring R] [inst_1 : Fintype n]
    [inst_2 : Fintype m] [inst_3 : DecidableEq m] [inst_4 : DecidableEq n] [inst_5 : Semiring A] [inst_6 : Algebra R A]
    (e : m ≃ n) (M : _root_.Matrix m m A), (Matrix.reindexAlgEquiv R A e) M = (Matrix.reindex e e) M
warning: QuantumBlockEncoding/PrimitiveMacros.lean:496:10: This simp argument is unused:
  _root_.Matrix.one_apply

Hint: Omit it from the simp argument list.
  [apply] simp [cczTargetBlock, active, splitTargetNe]

Note: This linter can be disabled with `set_option linter.unusedSimpArgs false`
warning: QuantumBlockEncoding/PrimitiveMacros.lean:523:4: `Matrix.reindexAlgEquiv_apply` has been deprecated: Use `Matrix.coe_reindexAlgEquiv` instead

Note: The updated constant has a different type:
  ∀ {m : Type u_2} {n : Type u_3} (R : Type u_11) (A : Type u_12) [inst : CommSemiring R] [inst_1 : Fintype n]
    [inst_2 : Fintype m] [inst_3 : DecidableEq m] [inst_4 : DecidableEq n] [inst_5 : Semiring A] [inst_6 : Algebra R A]
    (e : m ≃ n), ⇑(Matrix.reindexAlgEquiv R A e) = ⇑(Matrix.reindex e e)
instead of
  ∀ {m : Type u_2} {n : Type u_3} (R : Type u_11) (A : Type u_12) [inst : CommSemiring R] [inst_1 : Fintype n]
    [inst_2 : Fintype m] [inst_3 : DecidableEq m] [inst_4 : DecidableEq n] [inst_5 : Semiring A] [inst_6 : Algebra R A]
    (e : m ≃ n) (M : _root_.Matrix m m A), (Matrix.reindexAlgEquiv R A e) M = (Matrix.reindex e e) M
warning: QuantumBlockEncoding/PrimitiveMacros.lean:583:10: This simp argument is unused:
  ccxTargetBlock

Hint: Omit it from the simp argument list.
  [apply] simp [context, actionMiss]

Note: This linter can be disabled with `set_option linter.unusedSimpArgs false`
warning: QuantumBlockEncoding/PrimitiveMacros.lean:597:8: `Matrix.reindexAlgEquiv_mul` has been deprecated: Use `map_mul` instead

Note: The updated constant has a different type:
  ∀ {M : Type u_4} {N : Type u_5} {F : Type u_9} [inst : Mul M] [inst_1 : Mul N] [inst_2 : FunLike F M N]
    [MulHomClass F M N] (f : F) (x y : M), f (x * y) = f x * f y
instead of
  ∀ {m : Type u_2} {n : Type u_3} (R : Type u_11) (A : Type u_12) [inst : CommSemiring R] [inst_1 : Fintype n]
    [inst_2 : Fintype m] [inst_3 : DecidableEq m] [inst_4 : DecidableEq n] [inst_5 : Semiring A] [inst_6 : Algebra R A]
    (e : m ≃ n) (M N : _root_.Matrix m m A),
    (Matrix.reindexAlgEquiv R A e) (M * N) = (Matrix.reindexAlgEquiv R A e) M * (Matrix.reindexAlgEquiv R A e) N

Note: The updated constant is in a different namespace. Dot notation may need to be changed (e.g., from `x.reindexAlgEquiv_mul` to `map_mul x`).
warning: QuantumBlockEncoding/PrimitiveMacros.lean:598:6: `Matrix.reindexAlgEquiv_mul` has been deprecated: Use `map_mul` instead

Note: The updated constant has a different type:
  ∀ {M : Type u_4} {N : Type u_5} {F : Type u_9} [inst : Mul M] [inst_1 : Mul N] [inst_2 : FunLike F M N]
    [MulHomClass F M N] (f : F) (x y : M), f (x * y) = f x * f y
instead of
  ∀ {m : Type u_2} {n : Type u_3} (R : Type u_11) (A : Type u_12) [inst : CommSemiring R] [inst_1 : Fintype n]
    [inst_2 : Fintype m] [inst_3 : DecidableEq m] [inst_4 : DecidableEq n] [inst_5 : Semiring A] [inst_6 : Algebra R A]
    (e : m ≃ n) (M N : _root_.Matrix m m A),
    (Matrix.reindexAlgEquiv R A e) (M * N) = (Matrix.reindexAlgEquiv R A e) M * (Matrix.reindexAlgEquiv R A e) N

Note: The updated constant is in a different namespace. Dot notation may need to be changed (e.g., from `x.reindexAlgEquiv_mul` to `map_mul x`).
⚠ [3034/3198] Replayed QuantumBlockEncoding.ModularAdder3
warning: QuantumBlockEncoding/ModularAdder3.lean:69:33: Used `tac1 <;> tac2` where `(tac1; tac2)` would suffice

Note: This linter can be disabled with `set_option linter.unnecessarySeqFocus false`
warning: QuantumBlockEncoding/ModularAdder3.lean:138:8: This simp argument is unused:
  c0_ne_work

Hint: Omit it from the simp argument list.
  [apply] simp_all [cleanC3XBasisEquiv, cleanC3XReversibleProgram, evalReversibleProgram, evalReversibleGate,
    ccxBasisAction, c3xBasisAction, xBasisAction, flipBit, c1_ne_work, work_ne_c2, work_ne_target, c0_ne_target,
    c1_ne_target, Ne.symm c0_ne_work, Ne.symm c1_ne_work, Ne.symm work_ne_c2, Ne.symm work_ne_target]

Note: This linter can be disabled with `set_option linter.unusedSimpArgs false`
warning: QuantumBlockEncoding/ModularAdder3.lean:138:20: This simp argument is unused:
  c1_ne_work

Hint: Omit it from the simp argument list.
  [apply] simp_all [cleanC3XBasisEquiv, cleanC3XReversibleProgram, evalReversibleProgram, evalReversibleGate,
    ccxBasisAction, c3xBasisAction, xBasisAction, flipBit, c0_ne_work, work_ne_c2, work_ne_target, c0_ne_target,
    c1_ne_target, Ne.symm c0_ne_work, Ne.symm c1_ne_work, Ne.symm work_ne_c2, Ne.symm work_ne_target]

Note: This linter can be disabled with `set_option linter.unusedSimpArgs false`
warning: QuantumBlockEncoding/ModularAdder3.lean:138:32: This simp argument is unused:
  work_ne_c2

Hint: Omit it from the simp argument list.
  [apply] simp_all [cleanC3XBasisEquiv, cleanC3XReversibleProgram, evalReversibleProgram, evalReversibleGate,
    ccxBasisAction, c3xBasisAction, xBasisAction, flipBit, c0_ne_work, c1_ne_work, work_ne_target, c0_ne_target,
    c1_ne_target, Ne.symm c0_ne_work, Ne.symm c1_ne_work, Ne.symm work_ne_c2, Ne.symm work_ne_target]

Note: This linter can be disabled with `set_option linter.unusedSimpArgs false`
warning: QuantumBlockEncoding/ModularAdder3.lean:138:44: This simp argument is unused:
  work_ne_target

Hint: Omit it from the simp argument list.
  [apply] simp_all [cleanC3XBasisEquiv, cleanC3XReversibleProgram, evalReversibleProgram, evalReversibleGate,
    ccxBasisAction, c3xBasisAction, xBasisAction, flipBit, c0_ne_work, c1_ne_work, work_ne_c2, c0_ne_target,
    c1_ne_target, Ne.symm c0_ne_work, Ne.symm c1_ne_work, Ne.symm work_ne_c2, Ne.symm work_ne_target]

Note: This linter can be disabled with `set_option linter.unusedSimpArgs false`
warning: QuantumBlockEncoding/ModularAdder3.lean:139:8: This simp argument is unused:
  c0_ne_target

Hint: Omit it from the simp argument list.
  [apply] simp_all [cleanC3XBasisEquiv, cleanC3XReversibleProgram, evalReversibleProgram, evalReversibleGate,
    ccxBasisAction, c3xBasisAction, xBasisAction, flipBit, c0_ne_work, c1_ne_work, work_ne_c2, work_ne_target,
    c1_ne_target, Ne.symm c0_ne_work, Ne.symm c1_ne_work, Ne.symm work_ne_c2, Ne.symm work_ne_target]

Note: This linter can be disabled with `set_option linter.unusedSimpArgs false`
warning: QuantumBlockEncoding/ModularAdder3.lean:139:22: This simp argument is unused:
  c1_ne_target

Hint: Omit it from the simp argument list.
  [apply] simp_all [cleanC3XBasisEquiv, cleanC3XReversibleProgram, evalReversibleProgram, evalReversibleGate,
    ccxBasisAction, c3xBasisAction, xBasisAction, flipBit, c0_ne_work, c1_ne_work, work_ne_c2, work_ne_target,
    c0_ne_target, Ne.symm c0_ne_work, Ne.symm c1_ne_work, Ne.symm work_ne_c2, Ne.symm work_ne_target]

Note: This linter can be disabled with `set_option linter.unusedSimpArgs false`
warning: QuantumBlockEncoding/ModularAdder3.lean:140:8: This simp argument is unused:
  Ne.symm c0_ne_work

Hint: Omit it from the simp argument list.
  [apply] simp_all [cleanC3XBasisEquiv, cleanC3XReversibleProgram, evalReversibleProgram, evalReversibleGate,
    ccxBasisAction, c3xBasisAction, xBasisAction, flipBit, c0_ne_work, c1_ne_work, work_ne_c2, work_ne_target,
    c0_ne_target, c1_ne_target, Ne.symm c1_ne_work, Ne.symm work_ne_c2, Ne.symm work_ne_target]

Note: This linter can be disabled with `set_option linter.unusedSimpArgs false`
warning: QuantumBlockEncoding/ModularAdder3.lean:140:28: This simp argument is unused:
  Ne.symm c1_ne_work

Hint: Omit it from the simp argument list.
  [apply] simp_all [cleanC3XBasisEquiv, cleanC3XReversibleProgram, evalReversibleProgram, evalReversibleGate,
    ccxBasisAction, c3xBasisAction, xBasisAction, flipBit, c0_ne_work, c1_ne_work, work_ne_c2, work_ne_target,
    c0_ne_target, c1_ne_target, Ne.symm c0_ne_work, Ne.symm work_ne_c2, Ne.symm work_ne_target]

Note: This linter can be disabled with `set_option linter.unusedSimpArgs false`
⚠ [3038/3198] Replayed QuantumBlockEncoding.CubicStatePreparation
warning: QuantumBlockEncoding/CubicStatePreparation.lean:452:2: try 'simp' instead of 'simpa'

Note: This linter can be disabled with `set_option linter.unnecessarySimpa false`
warning: QuantumBlockEncoding/CubicStatePreparation.lean:452:42: Unused tactic linter: `decide` does nothing

Note: This linter can be disabled with `set_option linter.unusedTactic false`
warning: QuantumBlockEncoding/CubicStatePreparation.lean:452:42: this tactic is never executed

Note: This linter can be disabled with `set_option linter.unreachableTactic false`
warning: QuantumBlockEncoding/CubicStatePreparation.lean:562:35: This simp argument is unused:
  Rat.inv_mul_rev

Hint: Omit it from the simp argument list.
  [apply] simp [Rat.div_def, Rat.pow_succ, Rat.mul_assoc]

Note: This linter can be disabled with `set_option linter.unusedSimpArgs false`
warning: QuantumBlockEncoding/CubicStatePreparation.lean:698:12: This simp argument is unused:
  Rat.add_zero

Hint: Omit it from the simp argument list.
  [apply] simp

Note: This linter can be disabled with `set_option linter.unusedSimpArgs false`
warning: QuantumBlockEncoding/CubicStatePreparation.lean:3437:4: Try this: intro hRoute _hBackend
warning: QuantumBlockEncoding/CubicStatePreparation.lean:3502:41: This simp argument is unused:
  Rat.inv_mul_rev

Hint: Omit it from the simp argument list.
  [apply] simp [Rat.div_def, Rat.pow_succ, Rat.mul_assoc]

Note: This linter can be disabled with `set_option linter.unusedSimpArgs false`
warning: QuantumBlockEncoding/CubicStatePreparation.lean:3653:4: Try this: intro hRoute _hScalar
⚠ [3040/3198] Replayed QuantumBlockEncoding.UniformlyControlledRy
warning: QuantumBlockEncoding/UniformlyControlledRy.lean:110:4: `Matrix.reindexAlgEquiv_apply` has been deprecated: Use `Matrix.coe_reindexAlgEquiv` instead

Note: The updated constant has a different type:
  ∀ {m : Type u_2} {n : Type u_3} (R : Type u_11) (A : Type u_12) [inst : CommSemiring R] [inst_1 : Fintype n]
    [inst_2 : Fintype m] [inst_3 : DecidableEq m] [inst_4 : DecidableEq n] [inst_5 : Semiring A] [inst_6 : Algebra R A]
    (e : m ≃ n), ⇑(Matrix.reindexAlgEquiv R A e) = ⇑(Matrix.reindex e e)
instead of
  ∀ {m : Type u_2} {n : Type u_3} (R : Type u_11) (A : Type u_12) [inst : CommSemiring R] [inst_1 : Fintype n]
    [inst_2 : Fintype m] [inst_3 : DecidableEq m] [inst_4 : DecidableEq n] [inst_5 : Semiring A] [inst_6 : Algebra R A]
    (e : m ≃ n) (M : _root_.Matrix m m A), (Matrix.reindexAlgEquiv R A e) M = (Matrix.reindex e e) M
warning: QuantumBlockEncoding/UniformlyControlledRy.lean:133:30: This simp argument is unused:
  contextsEqual

Hint: Omit it from the simp argument list.
  [apply] simp [controlledXBlock, controlZero, rowControlZero, cxBasisAction, splitPrimitiveWire, rowEq,
    contextFunctionsEqual, Equiv.symm_symm]

Note: This linter can be disabled with `set_option linter.unusedSimpArgs false`
warning: QuantumBlockEncoding/UniformlyControlledRy.lean:133:58: This simp argument is unused:
  rowControlZero

Hint: Omit it from the simp argument list.
  [apply] simp [controlledXBlock, contextsEqual, controlZero, cxBasisAction, splitPrimitiveWire, rowEq,
    contextFunctionsEqual, Equiv.symm_symm]

Note: This linter can be disabled with `set_option linter.unusedSimpArgs false`
warning: QuantumBlockEncoding/UniformlyControlledRy.lean:135:31: This simp argument is unused:
  Equiv.symm_symm

Hint: Omit it from the simp argument list.
  [apply] simp [controlledXBlock, contextsEqual, controlZero, rowControlZero, cxBasisAction, splitPrimitiveWire, rowEq,
    contextFunctionsEqual]

Note: This linter can be disabled with `set_option linter.unusedSimpArgs false`
warning: QuantumBlockEncoding/UniformlyControlledRy.lean:163:32: This simp argument is unused:
  contextsEqual

Hint: Omit it from the simp argument list.
  [apply] simp [controlledXBlock, controlZero, action, cxBasisAction, xMatrix, splitPrimitiveWire,
    contextFunctionsEqual, targetFlipped, xContext, xControl, xMatrix_flipBit, Equiv.symm_symm, xTargetNe]

Note: This linter can be disabled with `set_option linter.unusedSimpArgs false`
warning: QuantumBlockEncoding/UniformlyControlledRy.lean:165:10: This simp argument is unused:
  contextFunctionsEqual

Hint: Omit it from the simp argument list.
  [apply] simp [controlledXBlock, contextsEqual, controlZero, action, cxBasisAction, xMatrix, splitPrimitiveWire,
    targetFlipped, xContext, xControl, xMatrix_flipBit, Equiv.symm_symm, xTargetNe]

Note: This linter can be disabled with `set_option linter.unusedSimpArgs false`
warning: QuantumBlockEncoding/UniformlyControlledRy.lean:165:33: This simp argument is unused:
  targetFlipped

Hint: Omit it from the simp argument list.
  [apply] simp [controlledXBlock, contextsEqual, controlZero, action, cxBasisAction, xMatrix, splitPrimitiveWire,
    contextFunctionsEqual, xContext, xControl, xMatrix_flipBit, Equiv.symm_symm, xTargetNe]

Note: This linter can be disabled with `set_option linter.unusedSimpArgs false`
warning: QuantumBlockEncoding/UniformlyControlledRy.lean:165:58: This simp argument is unused:
  xControl

Hint: Omit it from the simp argument list.
  [apply] simp [controlledXBlock, contextsEqual, controlZero, action, cxBasisAction, xMatrix, splitPrimitiveWire,
    contextFunctionsEqual, targetFlipped, xContext, xMatrix_flipBit, Equiv.symm_symm, xTargetNe]

Note: This linter can be disabled with `set_option linter.unusedSimpArgs false`
warning: QuantumBlockEncoding/UniformlyControlledRy.lean:166:10: This simp argument is unused:
  xMatrix_flipBit

Hint: Omit it from the simp argument list.
  [apply] simp [controlledXBlock, contextsEqual, controlZero, action, cxBasisAction, xMatrix, splitPrimitiveWire,
    contextFunctionsEqual, targetFlipped, xContext, xControl, Equiv.symm_symm, xTargetNe]

Note: This linter can be disabled with `set_option linter.unusedSimpArgs false`
warning: QuantumBlockEncoding/UniformlyControlledRy.lean:166:27: This simp argument is unused:
  Equiv.symm_symm

Hint: Omit it from the simp argument list.
  [apply] simp [controlledXBlock, contextsEqual, controlZero, action, cxBasisAction, xMatrix, splitPrimitiveWire,
    contextFunctionsEqual, targetFlipped, xContext, xControl, xMatrix_flipBit, xTargetNe]

Note: This linter can be disabled with `set_option linter.unusedSimpArgs false`
warning: QuantumBlockEncoding/UniformlyControlledRy.lean:176:32: This simp argument is unused:
  contextsEqual

Hint: Omit it from the simp argument list.
  [apply] simp [controlledXBlock, controlZero, rowControlNonzero, actionMiss, xMatrix, splitPrimitiveWire,
    targetFlipped, targetEqual, contextFunctionsEqual, Equiv.symm_symm]

Note: This linter can be disabled with `set_option linter.unusedSimpArgs false`
warning: QuantumBlockEncoding/UniformlyControlledRy.lean:176:60: This simp argument is unused:
  rowControlNonzero

Hint: Omit it from the simp argument list.
  [apply] simp [controlledXBlock, contextsEqual, controlZero, actionMiss, xMatrix, splitPrimitiveWire, targetFlipped,
    targetEqual, contextFunctionsEqual, Equiv.symm_symm]

Note: This linter can be disabled with `set_option linter.unusedSimpArgs false`
warning: QuantumBlockEncoding/UniformlyControlledRy.lean:177:51: This simp argument is unused:
  targetFlipped

Hint: Omit it from the simp argument list.
  [apply] simp [controlledXBlock, contextsEqual, controlZero, rowControlNonzero, actionMiss, xMatrix,
    splitPrimitiveWire, targetEqual, contextFunctionsEqual, Equiv.symm_symm]

Note: This linter can be disabled with `set_option linter.unusedSimpArgs false`
warning: QuantumBlockEncoding/UniformlyControlledRy.lean:178:46: This simp argument is unused:
  Equiv.symm_symm

Hint: Omit it from the simp argument list.
  [apply] simp [controlledXBlock, contextsEqual, controlZero, rowControlNonzero, actionMiss, xMatrix,
    splitPrimitiveWire, targetFlipped, targetEqual, contextFunctionsEqual]

Note: This linter can be disabled with `set_option linter.unusedSimpArgs false`
warning: QuantumBlockEncoding/UniformlyControlledRy.lean:290:12: `Matrix.reindexAlgEquiv_mul` has been deprecated: Use `map_mul` instead

Note: The updated constant has a different type:
  ∀ {M : Type u_4} {N : Type u_5} {F : Type u_9} [inst : Mul M] [inst_1 : Mul N] [inst_2 : FunLike F M N]
    [MulHomClass F M N] (f : F) (x y : M), f (x * y) = f x * f y
instead of
  ∀ {m : Type u_2} {n : Type u_3} (R : Type u_11) (A : Type u_12) [inst : CommSemiring R] [inst_1 : Fintype n]
    [inst_2 : Fintype m] [inst_3 : DecidableEq m] [inst_4 : DecidableEq n] [inst_5 : Semiring A] [inst_6 : Algebra R A]
    (e : m ≃ n) (M N : _root_.Matrix m m A),
    (Matrix.reindexAlgEquiv R A e) (M * N) = (Matrix.reindexAlgEquiv R A e) M * (Matrix.reindexAlgEquiv R A e) N

Note: The updated constant is in a different namespace. Dot notation may need to be changed (e.g., from `x.reindexAlgEquiv_mul` to `map_mul x`).
warning: QuantumBlockEncoding/UniformlyControlledRy.lean:291:10: `Matrix.reindexAlgEquiv_mul` has been deprecated: Use `map_mul` instead

Note: The updated constant has a different type:
  ∀ {M : Type u_4} {N : Type u_5} {F : Type u_9} [inst : Mul M] [inst_1 : Mul N] [inst_2 : FunLike F M N]
    [MulHomClass F M N] (f : F) (x y : M), f (x * y) = f x * f y
instead of
  ∀ {m : Type u_2} {n : Type u_3} (R : Type u_11) (A : Type u_12) [inst : CommSemiring R] [inst_1 : Fintype n]
    [inst_2 : Fintype m] [inst_3 : DecidableEq m] [inst_4 : DecidableEq n] [inst_5 : Semiring A] [inst_6 : Algebra R A]
    (e : m ≃ n) (M N : _root_.Matrix m m A),
    (Matrix.reindexAlgEquiv R A e) (M * N) = (Matrix.reindexAlgEquiv R A e) M * (Matrix.reindexAlgEquiv R A e) N

Note: The updated constant is in a different namespace. Dot notation may need to be changed (e.g., from `x.reindexAlgEquiv_mul` to `map_mul x`).
warning: QuantumBlockEncoding/UniformlyControlledRy.lean:292:10: `Matrix.reindexAlgEquiv_mul` has been deprecated: Use `map_mul` instead

Note: The updated constant has a different type:
  ∀ {M : Type u_4} {N : Type u_5} {F : Type u_9} [inst : Mul M] [inst_1 : Mul N] [inst_2 : FunLike F M N]
    [MulHomClass F M N] (f : F) (x y : M), f (x * y) = f x * f y
instead of
  ∀ {m : Type u_2} {n : Type u_3} (R : Type u_11) (A : Type u_12) [inst : CommSemiring R] [inst_1 : Fintype n]
    [inst_2 : Fintype m] [inst_3 : DecidableEq m] [inst_4 : DecidableEq n] [inst_5 : Semiring A] [inst_6 : Algebra R A]
    (e : m ≃ n) (M N : _root_.Matrix m m A),
    (Matrix.reindexAlgEquiv R A e) (M * N) = (Matrix.reindexAlgEquiv R A e) M * (Matrix.reindexAlgEquiv R A e) N

Note: The updated constant is in a different namespace. Dot notation may need to be changed (e.g., from `x.reindexAlgEquiv_mul` to `map_mul x`).
warning: QuantumBlockEncoding/UniformlyControlledRy.lean:343:47: This simp argument is unused:
  if_neg

Hint: Omit it from the simp argument list.
  [apply] simp only [controlledXBlock, headZero]

Note: This linter can be disabled with `set_option linter.unusedSimpArgs false`
⚠ [3041/3198] Replayed QuantumBlockEncoding.CubicAmplitudePrimitive
warning: QuantumBlockEncoding/CubicAmplitudePrimitive.lean:117:6: try 'simp' instead of 'simpa'

Note: This linter can be disabled with `set_option linter.unnecessarySimpa false`
warning: QuantumBlockEncoding/CubicAmplitudePrimitive.lean:165:13: `Matrix.reindexAlgEquiv_apply` has been deprecated: Use `Matrix.coe_reindexAlgEquiv` instead

Note: The updated constant has a different type:
  ∀ {m : Type u_2} {n : Type u_3} (R : Type u_11) (A : Type u_12) [inst : CommSemiring R] [inst_1 : Fintype n]
    [inst_2 : Fintype m] [inst_3 : DecidableEq m] [inst_4 : DecidableEq n] [inst_5 : Semiring A] [inst_6 : Algebra R A]
    (e : m ≃ n), ⇑(Matrix.reindexAlgEquiv R A e) = ⇑(Matrix.reindex e e)
instead of
  ∀ {m : Type u_2} {n : Type u_3} (R : Type u_11) (A : Type u_12) [inst : CommSemiring R] [inst_1 : Fintype n]
    [inst_2 : Fintype m] [inst_3 : DecidableEq m] [inst_4 : DecidableEq n] [inst_5 : Semiring A] [inst_6 : Algebra R A]
    (e : m ≃ n) (M : _root_.Matrix m m A), (Matrix.reindexAlgEquiv R A e) M = (Matrix.reindex e e) M
warning: QuantumBlockEncoding/CubicAmplitudePrimitive.lean:167:4: This simp argument is unused:
  Equiv.symm_symm

Hint: Omit it from the simp argument list.
  [apply] simp only [_root_.Matrix.reindexAlgEquiv_apply, _root_.Matrix.reindex_apply, _root_.Matrix.submatrix_apply,
    Equiv.symm_apply_apply]

Note: This linter can be disabled with `set_option linter.unusedSimpArgs false`
⚠ [3042/3198] Replayed QuantumBlockEncoding.GHLHamiltonian
warning: QuantumBlockEncoding/GHLHamiltonian.lean:330:42: This simp argument is unused:
  sub_eq_add_neg

Hint: Omit it from the simp argument list.
  [apply] simp [pow_two, Complex.I_mul_I]

Note: This linter can be disabled with `set_option linter.unusedSimpArgs false`
warning: QuantumBlockEncoding/GHLHamiltonian.lean:338:42: This simp argument is unused:
  sub_eq_add_neg

Hint: Omit it from the simp argument list.
  [apply] simp [pow_two, Complex.I_mul_I]

Note: This linter can be disabled with `set_option linter.unusedSimpArgs false`
⚠ [3062/3198] Replayed QuantumBlockEncoding.Robin.SymmetryXorFourSlotLogicalUnitary
warning: QuantumBlockEncoding/Robin/SymmetryXorFourSlotLogicalUnitary.lean:229:13: `Matrix.reindexAlgEquiv_apply` has been deprecated: Use `Matrix.coe_reindexAlgEquiv` instead

Note: The updated constant has a different type:
  ∀ {m : Type u_2} {n : Type u_3} (R : Type u_11) (A : Type u_12) [inst : CommSemiring R] [inst_1 : Fintype n]
    [inst_2 : Fintype m] [inst_3 : DecidableEq m] [inst_4 : DecidableEq n] [inst_5 : Semiring A] [inst_6 : Algebra R A]
    (e : m ≃ n), ⇑(Matrix.reindexAlgEquiv R A e) = ⇑(Matrix.reindex e e)
instead of
  ∀ {m : Type u_2} {n : Type u_3} (R : Type u_11) (A : Type u_12) [inst : CommSemiring R] [inst_1 : Fintype n]
    [inst_2 : Fintype m] [inst_3 : DecidableEq m] [inst_4 : DecidableEq n] [inst_5 : Semiring A] [inst_6 : Algebra R A]
    (e : m ≃ n) (M : _root_.Matrix m m A), (Matrix.reindexAlgEquiv R A e) M = (Matrix.reindex e e) M
⚠ [3063/3198] Replayed QuantumBlockEncoding.Robin.SymmetryXorFourSlotPrimitive
warning: QuantumBlockEncoding/Robin/SymmetryXorFourSlotPrimitive.lean:181:27: `Matrix.reindexAlgEquiv_apply` has been deprecated: Use `Matrix.coe_reindexAlgEquiv` instead

Note: The updated constant has a different type:
  ∀ {m : Type u_2} {n : Type u_3} (R : Type u_11) (A : Type u_12) [inst : CommSemiring R] [inst_1 : Fintype n]
    [inst_2 : Fintype m] [inst_3 : DecidableEq m] [inst_4 : DecidableEq n] [inst_5 : Semiring A] [inst_6 : Algebra R A]
    (e : m ≃ n), ⇑(Matrix.reindexAlgEquiv R A e) = ⇑(Matrix.reindex e e)
instead of
  ∀ {m : Type u_2} {n : Type u_3} (R : Type u_11) (A : Type u_12) [inst : CommSemiring R] [inst_1 : Fintype n]
    [inst_2 : Fintype m] [inst_3 : DecidableEq m] [inst_4 : DecidableEq n] [inst_5 : Semiring A] [inst_6 : Algebra R A]
    (e : m ≃ n) (M : _root_.Matrix m m A), (Matrix.reindexAlgEquiv R A e) M = (Matrix.reindex e e) M
warning: QuantumBlockEncoding/Robin/SymmetryXorFourSlotPrimitive.lean:208:4: `Matrix.reindexAlgEquiv_apply` has been deprecated: Use `Matrix.coe_reindexAlgEquiv` instead

Note: The updated constant has a different type:
  ∀ {m : Type u_2} {n : Type u_3} (R : Type u_11) (A : Type u_12) [inst : CommSemiring R] [inst_1 : Fintype n]
    [inst_2 : Fintype m] [inst_3 : DecidableEq m] [inst_4 : DecidableEq n] [inst_5 : Semiring A] [inst_6 : Algebra R A]
    (e : m ≃ n), ⇑(Matrix.reindexAlgEquiv R A e) = ⇑(Matrix.reindex e e)
instead of
  ∀ {m : Type u_2} {n : Type u_3} (R : Type u_11) (A : Type u_12) [inst : CommSemiring R] [inst_1 : Fintype n]
    [inst_2 : Fintype m] [inst_3 : DecidableEq m] [inst_4 : DecidableEq n] [inst_5 : Semiring A] [inst_6 : Algebra R A]
    (e : m ≃ n) (M : _root_.Matrix m m A), (Matrix.reindexAlgEquiv R A e) M = (Matrix.reindex e e) M
warning: QuantumBlockEncoding/Robin/SymmetryXorFourSlotPrimitive.lean:259:8: `Matrix.reindexAlgEquiv_mul` has been deprecated: Use `map_mul` instead

Note: The updated constant has a different type:
  ∀ {M : Type u_4} {N : Type u_5} {F : Type u_9} [inst : Mul M] [inst_1 : Mul N] [inst_2 : FunLike F M N]
    [MulHomClass F M N] (f : F) (x y : M), f (x * y) = f x * f y
instead of
  ∀ {m : Type u_2} {n : Type u_3} (R : Type u_11) (A : Type u_12) [inst : CommSemiring R] [inst_1 : Fintype n]
    [inst_2 : Fintype m] [inst_3 : DecidableEq m] [inst_4 : DecidableEq n] [inst_5 : Semiring A] [inst_6 : Algebra R A]
    (e : m ≃ n) (M N : _root_.Matrix m m A),
    (Matrix.reindexAlgEquiv R A e) (M * N) = (Matrix.reindexAlgEquiv R A e) M * (Matrix.reindexAlgEquiv R A e) N

Note: The updated constant is in a different namespace. Dot notation may need to be changed (e.g., from `x.reindexAlgEquiv_mul` to `map_mul x`).
warning: QuantumBlockEncoding/Robin/SymmetryXorFourSlotPrimitive.lean:352:6: `Matrix.reindexAlgEquiv_mul` has been deprecated: Use `map_mul` instead

Note: The updated constant has a different type:
  ∀ {M : Type u_4} {N : Type u_5} {F : Type u_9} [inst : Mul M] [inst_1 : Mul N] [inst_2 : FunLike F M N]
    [MulHomClass F M N] (f : F) (x y : M), f (x * y) = f x * f y
instead of
  ∀ {m : Type u_2} {n : Type u_3} (R : Type u_11) (A : Type u_12) [inst : CommSemiring R] [inst_1 : Fintype n]
    [inst_2 : Fintype m] [inst_3 : DecidableEq m] [inst_4 : DecidableEq n] [inst_5 : Semiring A] [inst_6 : Algebra R A]
    (e : m ≃ n) (M N : _root_.Matrix m m A),
    (Matrix.reindexAlgEquiv R A e) (M * N) = (Matrix.reindexAlgEquiv R A e) M * (Matrix.reindexAlgEquiv R A e) N

Note: The updated constant is in a different namespace. Dot notation may need to be changed (e.g., from `x.reindexAlgEquiv_mul` to `map_mul x`).
warning: QuantumBlockEncoding/Robin/SymmetryXorFourSlotPrimitive.lean:426:6: `Matrix.reindexAlgEquiv_mul` has been deprecated: Use `map_mul` instead

Note: The updated constant has a different type:
  ∀ {M : Type u_4} {N : Type u_5} {F : Type u_9} [inst : Mul M] [inst_1 : Mul N] [inst_2 : FunLike F M N]
    [MulHomClass F M N] (f : F) (x y : M), f (x * y) = f x * f y
instead of
  ∀ {m : Type u_2} {n : Type u_3} (R : Type u_11) (A : Type u_12) [inst : CommSemiring R] [inst_1 : Fintype n]
    [inst_2 : Fintype m] [inst_3 : DecidableEq m] [inst_4 : DecidableEq n] [inst_5 : Semiring A] [inst_6 : Algebra R A]
    (e : m ≃ n) (M N : _root_.Matrix m m A),
    (Matrix.reindexAlgEquiv R A e) (M * N) = (Matrix.reindexAlgEquiv R A e) M * (Matrix.reindexAlgEquiv R A e) N

Note: The updated constant is in a different namespace. Dot notation may need to be changed (e.g., from `x.reindexAlgEquiv_mul` to `map_mul x`).
warning: QuantumBlockEncoding/Robin/SymmetryXorFourSlotPrimitive.lean:427:6: `Matrix.reindexAlgEquiv_mul` has been deprecated: Use `map_mul` instead

Note: The updated constant has a different type:
  ∀ {M : Type u_4} {N : Type u_5} {F : Type u_9} [inst : Mul M] [inst_1 : Mul N] [inst_2 : FunLike F M N]
    [MulHomClass F M N] (f : F) (x y : M), f (x * y) = f x * f y
instead of
  ∀ {m : Type u_2} {n : Type u_3} (R : Type u_11) (A : Type u_12) [inst : CommSemiring R] [inst_1 : Fintype n]
    [inst_2 : Fintype m] [inst_3 : DecidableEq m] [inst_4 : DecidableEq n] [inst_5 : Semiring A] [inst_6 : Algebra R A]
    (e : m ≃ n) (M N : _root_.Matrix m m A),
    (Matrix.reindexAlgEquiv R A e) (M * N) = (Matrix.reindexAlgEquiv R A e) M * (Matrix.reindexAlgEquiv R A e) N

Note: The updated constant is in a different namespace. Dot notation may need to be changed (e.g., from `x.reindexAlgEquiv_mul` to `map_mul x`).
warning: QuantumBlockEncoding/Robin/SymmetryXorFourSlotPrimitive.lean:428:6: `Matrix.reindexAlgEquiv_mul` has been deprecated: Use `map_mul` instead

Note: The updated constant has a different type:
  ∀ {M : Type u_4} {N : Type u_5} {F : Type u_9} [inst : Mul M] [inst_1 : Mul N] [inst_2 : FunLike F M N]
    [MulHomClass F M N] (f : F) (x y : M), f (x * y) = f x * f y
instead of
  ∀ {m : Type u_2} {n : Type u_3} (R : Type u_11) (A : Type u_12) [inst : CommSemiring R] [inst_1 : Fintype n]
    [inst_2 : Fintype m] [inst_3 : DecidableEq m] [inst_4 : DecidableEq n] [inst_5 : Semiring A] [inst_6 : Algebra R A]
    (e : m ≃ n) (M N : _root_.Matrix m m A),
    (Matrix.reindexAlgEquiv R A e) (M * N) = (Matrix.reindexAlgEquiv R A e) M * (Matrix.reindexAlgEquiv R A e) N

Note: The updated constant is in a different namespace. Dot notation may need to be changed (e.g., from `x.reindexAlgEquiv_mul` to `map_mul x`).
warning: QuantumBlockEncoding/Robin/SymmetryXorFourSlotPrimitive.lean:527:6: `Matrix.reindexAlgEquiv_mul` has been deprecated: Use `map_mul` instead

Note: The updated constant has a different type:
  ∀ {M : Type u_4} {N : Type u_5} {F : Type u_9} [inst : Mul M] [inst_1 : Mul N] [inst_2 : FunLike F M N]
    [MulHomClass F M N] (f : F) (x y : M), f (x * y) = f x * f y
instead of
  ∀ {m : Type u_2} {n : Type u_3} (R : Type u_11) (A : Type u_12) [inst : CommSemiring R] [inst_1 : Fintype n]
    [inst_2 : Fintype m] [inst_3 : DecidableEq m] [inst_4 : DecidableEq n] [inst_5 : Semiring A] [inst_6 : Algebra R A]
    (e : m ≃ n) (M N : _root_.Matrix m m A),
    (Matrix.reindexAlgEquiv R A e) (M * N) = (Matrix.reindexAlgEquiv R A e) M * (Matrix.reindexAlgEquiv R A e) N

Note: The updated constant is in a different namespace. Dot notation may need to be changed (e.g., from `x.reindexAlgEquiv_mul` to `map_mul x`).
warning: QuantumBlockEncoding/Robin/SymmetryXorFourSlotPrimitive.lean:528:6: `Matrix.reindexAlgEquiv_mul` has been deprecated: Use `map_mul` instead

Note: The updated constant has a different type:
  ∀ {M : Type u_4} {N : Type u_5} {F : Type u_9} [inst : Mul M] [inst_1 : Mul N] [inst_2 : FunLike F M N]
    [MulHomClass F M N] (f : F) (x y : M), f (x * y) = f x * f y
instead of
  ∀ {m : Type u_2} {n : Type u_3} (R : Type u_11) (A : Type u_12) [inst : CommSemiring R] [inst_1 : Fintype n]
    [inst_2 : Fintype m] [inst_3 : DecidableEq m] [inst_4 : DecidableEq n] [inst_5 : Semiring A] [inst_6 : Algebra R A]
    (e : m ≃ n) (M N : _root_.Matrix m m A),
    (Matrix.reindexAlgEquiv R A e) (M * N) = (Matrix.reindexAlgEquiv R A e) M * (Matrix.reindexAlgEquiv R A e) N

Note: The updated constant is in a different namespace. Dot notation may need to be changed (e.g., from `x.reindexAlgEquiv_mul` to `map_mul x`).
warning: QuantumBlockEncoding/Robin/SymmetryXorFourSlotPrimitive.lean:598:13: `Matrix.reindexAlgEquiv_apply` has been deprecated: Use `Matrix.coe_reindexAlgEquiv` instead

Note: The updated constant has a different type:
  ∀ {m : Type u_2} {n : Type u_3} (R : Type u_11) (A : Type u_12) [inst : CommSemiring R] [inst_1 : Fintype n]
    [inst_2 : Fintype m] [inst_3 : DecidableEq m] [inst_4 : DecidableEq n] [inst_5 : Semiring A] [inst_6 : Algebra R A]
    (e : m ≃ n), ⇑(Matrix.reindexAlgEquiv R A e) = ⇑(Matrix.reindex e e)
instead of
  ∀ {m : Type u_2} {n : Type u_3} (R : Type u_11) (A : Type u_12) [inst : CommSemiring R] [inst_1 : Fintype n]
    [inst_2 : Fintype m] [inst_3 : DecidableEq m] [inst_4 : DecidableEq n] [inst_5 : Semiring A] [inst_6 : Algebra R A]
    (e : m ≃ n) (M : _root_.Matrix m m A), (Matrix.reindexAlgEquiv R A e) M = (Matrix.reindex e e) M
warning: QuantumBlockEncoding/Robin/SymmetryXorFourSlotPrimitive.lean:633:4: `Matrix.reindexAlgEquiv_apply` has been deprecated: Use `Matrix.coe_reindexAlgEquiv` instead

Note: The updated constant has a different type:
  ∀ {m : Type u_2} {n : Type u_3} (R : Type u_11) (A : Type u_12) [inst : CommSemiring R] [inst_1 : Fintype n]
    [inst_2 : Fintype m] [inst_3 : DecidableEq m] [inst_4 : DecidableEq n] [inst_5 : Semiring A] [inst_6 : Algebra R A]
    (e : m ≃ n), ⇑(Matrix.reindexAlgEquiv R A e) = ⇑(Matrix.reindex e e)
instead of
  ∀ {m : Type u_2} {n : Type u_3} (R : Type u_11) (A : Type u_12) [inst : CommSemiring R] [inst_1 : Fintype n]
    [inst_2 : Fintype m] [inst_3 : DecidableEq m] [inst_4 : DecidableEq n] [inst_5 : Semiring A] [inst_6 : Algebra R A]
    (e : m ≃ n) (M : _root_.Matrix m m A), (Matrix.reindexAlgEquiv R A e) M = (Matrix.reindex e e) M
⚠ [3064/3198] Replayed QuantumBlockEncoding.Robin.PaperSevenPrepare
warning: QuantumBlockEncoding/Robin/PaperSevenPrepare.lean:255:10: This simp argument is unused:
  warmRobinPaperSevenSelectorPrepare

Hint: Omit it from the simp argument list.
  [apply] simp [warmRobinUniformSevenPrepareMatrix, warmRobinUniformSevenLowWires, warmRobinUniformSevenMiddleWires,
    warmRobinUniformSevenLowAngles, warmRobinUniformSevenMiddleAngles, warmRobinUniformSevenHighAngle,
    warmRobinUniformSevenTailAngle, primitiveControlAssignment, primitiveBits3LE, primitiveBits3LEWithout,
    standardRyMatrix, ComplexLCU.realRotation, ComplexLCU.realOrthogonalRotation, ExactAngle.eval, evalPrimitiveGate,
    liftPrimitiveOneQubit_apply, splitPrimitiveWire_other_apply, _root_.Matrix.mul_apply, sumLE, Fin.sum_univ_succ]

Note: This linter can be disabled with `set_option linter.unusedSimpArgs false`
⚠ [3065/3198] Replayed QuantumBlockEncoding.Robin.PaperSevenLogicalUnitary
warning: QuantumBlockEncoding/Robin/PaperSevenLogicalUnitary.lean:176:4: `Matrix.reindexAlgEquiv_apply` has been deprecated: Use `Matrix.coe_reindexAlgEquiv` instead

Note: The updated constant has a different type:
  ∀ {m : Type u_2} {n : Type u_3} (R : Type u_11) (A : Type u_12) [inst : CommSemiring R] [inst_1 : Fintype n]
    [inst_2 : Fintype m] [inst_3 : DecidableEq m] [inst_4 : DecidableEq n] [inst_5 : Semiring A] [inst_6 : Algebra R A]
    (e : m ≃ n), ⇑(Matrix.reindexAlgEquiv R A e) = ⇑(Matrix.reindex e e)
instead of
  ∀ {m : Type u_2} {n : Type u_3} (R : Type u_11) (A : Type u_12) [inst : CommSemiring R] [inst_1 : Fintype n]
    [inst_2 : Fintype m] [inst_3 : DecidableEq m] [inst_4 : DecidableEq n] [inst_5 : Semiring A] [inst_6 : Algebra R A]
    (e : m ≃ n) (M : _root_.Matrix m m A), (Matrix.reindexAlgEquiv R A e) M = (Matrix.reindex e e) M
⚠ [3066/3198] Replayed QuantumBlockEncoding.Robin.PaperSevenPrimitive
warning: QuantumBlockEncoding/Robin/PaperSevenPrimitive.lean:182:27: `Matrix.reindexAlgEquiv_apply` has been deprecated: Use `Matrix.coe_reindexAlgEquiv` instead

Note: The updated constant has a different type:
  ∀ {m : Type u_2} {n : Type u_3} (R : Type u_11) (A : Type u_12) [inst : CommSemiring R] [inst_1 : Fintype n]
    [inst_2 : Fintype m] [inst_3 : DecidableEq m] [inst_4 : DecidableEq n] [inst_5 : Semiring A] [inst_6 : Algebra R A]
    (e : m ≃ n), ⇑(Matrix.reindexAlgEquiv R A e) = ⇑(Matrix.reindex e e)
instead of
  ∀ {m : Type u_2} {n : Type u_3} (R : Type u_11) (A : Type u_12) [inst : CommSemiring R] [inst_1 : Fintype n]
    [inst_2 : Fintype m] [inst_3 : DecidableEq m] [inst_4 : DecidableEq n] [inst_5 : Semiring A] [inst_6 : Algebra R A]
    (e : m ≃ n) (M : _root_.Matrix m m A), (Matrix.reindexAlgEquiv R A e) M = (Matrix.reindex e e) M
⚠ [3067/3198] Replayed QuantumBlockEncoding.Robin.PaperSevenAmplitudePrimitive
warning: QuantumBlockEncoding/Robin/PaperSevenAmplitudePrimitive.lean:109:4: `Matrix.reindexAlgEquiv_apply` has been deprecated: Use `Matrix.coe_reindexAlgEquiv` instead

Note: The updated constant has a different type:
  ∀ {m : Type u_2} {n : Type u_3} (R : Type u_11) (A : Type u_12) [inst : CommSemiring R] [inst_1 : Fintype n]
    [inst_2 : Fintype m] [inst_3 : DecidableEq m] [inst_4 : DecidableEq n] [inst_5 : Semiring A] [inst_6 : Algebra R A]
    (e : m ≃ n), ⇑(Matrix.reindexAlgEquiv R A e) = ⇑(Matrix.reindex e e)
instead of
  ∀ {m : Type u_2} {n : Type u_3} (R : Type u_11) (A : Type u_12) [inst : CommSemiring R] [inst_1 : Fintype n]
    [inst_2 : Fintype m] [inst_3 : DecidableEq m] [inst_4 : DecidableEq n] [inst_5 : Semiring A] [inst_6 : Algebra R A]
    (e : m ≃ n) (M : _root_.Matrix m m A), (Matrix.reindexAlgEquiv R A e) M = (Matrix.reindex e e) M
⚠ [3068/3198] Replayed QuantumBlockEncoding.Robin.PaperSevenPreparePrimitive
warning: QuantumBlockEncoding/Robin/PaperSevenPreparePrimitive.lean:94:4: `Matrix.reindexAlgEquiv_apply` has been deprecated: Use `Matrix.coe_reindexAlgEquiv` instead

Note: The updated constant has a different type:
  ∀ {m : Type u_2} {n : Type u_3} (R : Type u_11) (A : Type u_12) [inst : CommSemiring R] [inst_1 : Fintype n]
    [inst_2 : Fintype m] [inst_3 : DecidableEq m] [inst_4 : DecidableEq n] [inst_5 : Semiring A] [inst_6 : Algebra R A]
    (e : m ≃ n), ⇑(Matrix.reindexAlgEquiv R A e) = ⇑(Matrix.reindex e e)
instead of
  ∀ {m : Type u_2} {n : Type u_3} (R : Type u_11) (A : Type u_12) [inst : CommSemiring R] [inst_1 : Fintype n]
    [inst_2 : Fintype m] [inst_3 : DecidableEq m] [inst_4 : DecidableEq n] [inst_5 : Semiring A] [inst_6 : Algebra R A]
    (e : m ≃ n) (M : _root_.Matrix m m A), (Matrix.reindexAlgEquiv R A e) M = (Matrix.reindex e e) M
warning: QuantumBlockEncoding/Robin/PaperSevenPreparePrimitive.lean:107:16: Unused tactic linter: `norm_num` does nothing

Note: This linter can be disabled with `set_option linter.unusedTactic false`
warning: QuantumBlockEncoding/Robin/PaperSevenPreparePrimitive.lean:107:16: this tactic is never executed

Note: This linter can be disabled with `set_option linter.unreachableTactic false`
warning: QuantumBlockEncoding/Robin/PaperSevenPreparePrimitive.lean:143:4: `Matrix.reindexAlgEquiv_apply` has been deprecated: Use `Matrix.coe_reindexAlgEquiv` instead

Note: The updated constant has a different type:
  ∀ {m : Type u_2} {n : Type u_3} (R : Type u_11) (A : Type u_12) [inst : CommSemiring R] [inst_1 : Fintype n]
    [inst_2 : Fintype m] [inst_3 : DecidableEq m] [inst_4 : DecidableEq n] [inst_5 : Semiring A] [inst_6 : Algebra R A]
    (e : m ≃ n), ⇑(Matrix.reindexAlgEquiv R A e) = ⇑(Matrix.reindex e e)
instead of
  ∀ {m : Type u_2} {n : Type u_3} (R : Type u_11) (A : Type u_12) [inst : CommSemiring R] [inst_1 : Fintype n]
    [inst_2 : Fintype m] [inst_3 : DecidableEq m] [inst_4 : DecidableEq n] [inst_5 : Semiring A] [inst_6 : Algebra R A]
    (e : m ≃ n) (M : _root_.Matrix m m A), (Matrix.reindexAlgEquiv R A e) M = (Matrix.reindex e e) M
warning: QuantumBlockEncoding/Robin/PaperSevenPreparePrimitive.lean:204:4: `Matrix.reindexAlgEquiv_apply` has been deprecated: Use `Matrix.coe_reindexAlgEquiv` instead

Note: The updated constant has a different type:
  ∀ {m : Type u_2} {n : Type u_3} (R : Type u_11) (A : Type u_12) [inst : CommSemiring R] [inst_1 : Fintype n]
    [inst_2 : Fintype m] [inst_3 : DecidableEq m] [inst_4 : DecidableEq n] [inst_5 : Semiring A] [inst_6 : Algebra R A]
    (e : m ≃ n), ⇑(Matrix.reindexAlgEquiv R A e) = ⇑(Matrix.reindex e e)
instead of
  ∀ {m : Type u_2} {n : Type u_3} (R : Type u_11) (A : Type u_12) [inst : CommSemiring R] [inst_1 : Fintype n]
    [inst_2 : Fintype m] [inst_3 : DecidableEq m] [inst_4 : DecidableEq n] [inst_5 : Semiring A] [inst_6 : Algebra R A]
    (e : m ≃ n) (M : _root_.Matrix m m A), (Matrix.reindexAlgEquiv R A e) M = (Matrix.reindex e e) M
warning: QuantumBlockEncoding/Robin/PaperSevenPreparePrimitive.lean:264:6: `Matrix.reindexAlgEquiv_mul` has been deprecated: Use `map_mul` instead

Note: The updated constant has a different type:
  ∀ {M : Type u_4} {N : Type u_5} {F : Type u_9} [inst : Mul M] [inst_1 : Mul N] [inst_2 : FunLike F M N]
    [MulHomClass F M N] (f : F) (x y : M), f (x * y) = f x * f y
instead of
  ∀ {m : Type u_2} {n : Type u_3} (R : Type u_11) (A : Type u_12) [inst : CommSemiring R] [inst_1 : Fintype n]
    [inst_2 : Fintype m] [inst_3 : DecidableEq m] [inst_4 : DecidableEq n] [inst_5 : Semiring A] [inst_6 : Algebra R A]
    (e : m ≃ n) (M N : _root_.Matrix m m A),
    (Matrix.reindexAlgEquiv R A e) (M * N) = (Matrix.reindexAlgEquiv R A e) M * (Matrix.reindexAlgEquiv R A e) N

Note: The updated constant is in a different namespace. Dot notation may need to be changed (e.g., from `x.reindexAlgEquiv_mul` to `map_mul x`).
warning: QuantumBlockEncoding/Robin/PaperSevenPreparePrimitive.lean:265:6: `Matrix.reindexAlgEquiv_mul` has been deprecated: Use `map_mul` instead

Note: The updated constant has a different type:
  ∀ {M : Type u_4} {N : Type u_5} {F : Type u_9} [inst : Mul M] [inst_1 : Mul N] [inst_2 : FunLike F M N]
    [MulHomClass F M N] (f : F) (x y : M), f (x * y) = f x * f y
instead of
  ∀ {m : Type u_2} {n : Type u_3} (R : Type u_11) (A : Type u_12) [inst : CommSemiring R] [inst_1 : Fintype n]
    [inst_2 : Fintype m] [inst_3 : DecidableEq m] [inst_4 : DecidableEq n] [inst_5 : Semiring A] [inst_6 : Algebra R A]
    (e : m ≃ n) (M N : _root_.Matrix m m A),
    (Matrix.reindexAlgEquiv R A e) (M * N) = (Matrix.reindexAlgEquiv R A e) M * (Matrix.reindexAlgEquiv R A e) N

Note: The updated constant is in a different namespace. Dot notation may need to be changed (e.g., from `x.reindexAlgEquiv_mul` to `map_mul x`).
⚠ [3069/3198] Replayed QuantumBlockEncoding.Robin.PaperSevenT3
warning: QuantumBlockEncoding/Robin/PaperSevenT3.lean:65:6: `Matrix.reindexAlgEquiv_mul` has been deprecated: Use `map_mul` instead

Note: The updated constant has a different type:
  ∀ {M : Type u_4} {N : Type u_5} {F : Type u_9} [inst : Mul M] [inst_1 : Mul N] [inst_2 : FunLike F M N]
    [MulHomClass F M N] (f : F) (x y : M), f (x * y) = f x * f y
instead of
  ∀ {m : Type u_2} {n : Type u_3} (R : Type u_11) (A : Type u_12) [inst : CommSemiring R] [inst_1 : Fintype n]
    [inst_2 : Fintype m] [inst_3 : DecidableEq m] [inst_4 : DecidableEq n] [inst_5 : Semiring A] [inst_6 : Algebra R A]
    (e : m ≃ n) (M N : _root_.Matrix m m A),
    (Matrix.reindexAlgEquiv R A e) (M * N) = (Matrix.reindexAlgEquiv R A e) M * (Matrix.reindexAlgEquiv R A e) N

Note: The updated constant is in a different namespace. Dot notation may need to be changed (e.g., from `x.reindexAlgEquiv_mul` to `map_mul x`).
warning: QuantumBlockEncoding/Robin/PaperSevenT3.lean:66:6: `Matrix.reindexAlgEquiv_mul` has been deprecated: Use `map_mul` instead

Note: The updated constant has a different type:
  ∀ {M : Type u_4} {N : Type u_5} {F : Type u_9} [inst : Mul M] [inst_1 : Mul N] [inst_2 : FunLike F M N]
    [MulHomClass F M N] (f : F) (x y : M), f (x * y) = f x * f y
instead of
  ∀ {m : Type u_2} {n : Type u_3} (R : Type u_11) (A : Type u_12) [inst : CommSemiring R] [inst_1 : Fintype n]
    [inst_2 : Fintype m] [inst_3 : DecidableEq m] [inst_4 : DecidableEq n] [inst_5 : Semiring A] [inst_6 : Algebra R A]
    (e : m ≃ n) (M N : _root_.Matrix m m A),
    (Matrix.reindexAlgEquiv R A e) (M * N) = (Matrix.reindexAlgEquiv R A e) M * (Matrix.reindexAlgEquiv R A e) N

Note: The updated constant is in a different namespace. Dot notation may need to be changed (e.g., from `x.reindexAlgEquiv_mul` to `map_mul x`).
warning: QuantumBlockEncoding/Robin/PaperSevenT3.lean:67:6: `Matrix.reindexAlgEquiv_mul` has been deprecated: Use `map_mul` instead

Note: The updated constant has a different type:
  ∀ {M : Type u_4} {N : Type u_5} {F : Type u_9} [inst : Mul M] [inst_1 : Mul N] [inst_2 : FunLike F M N]
    [MulHomClass F M N] (f : F) (x y : M), f (x * y) = f x * f y
instead of
  ∀ {m : Type u_2} {n : Type u_3} (R : Type u_11) (A : Type u_12) [inst : CommSemiring R] [inst_1 : Fintype n]
    [inst_2 : Fintype m] [inst_3 : DecidableEq m] [inst_4 : DecidableEq n] [inst_5 : Semiring A] [inst_6 : Algebra R A]
    (e : m ≃ n) (M N : _root_.Matrix m m A),
    (Matrix.reindexAlgEquiv R A e) (M * N) = (Matrix.reindexAlgEquiv R A e) M * (Matrix.reindexAlgEquiv R A e) N

Note: The updated constant is in a different namespace. Dot notation may need to be changed (e.g., from `x.reindexAlgEquiv_mul` to `map_mul x`).
warning: QuantumBlockEncoding/Robin/PaperSevenT3.lean:107:13: `Matrix.reindexAlgEquiv_apply` has been deprecated: Use `Matrix.coe_reindexAlgEquiv` instead

Note: The updated constant has a different type:
  ∀ {m : Type u_2} {n : Type u_3} (R : Type u_11) (A : Type u_12) [inst : CommSemiring R] [inst_1 : Fintype n]
    [inst_2 : Fintype m] [inst_3 : DecidableEq m] [inst_4 : DecidableEq n] [inst_5 : Semiring A] [inst_6 : Algebra R A]
    (e : m ≃ n), ⇑(Matrix.reindexAlgEquiv R A e) = ⇑(Matrix.reindex e e)
instead of
  ∀ {m : Type u_2} {n : Type u_3} (R : Type u_11) (A : Type u_12) [inst : CommSemiring R] [inst_1 : Fintype n]
    [inst_2 : Fintype m] [inst_3 : DecidableEq m] [inst_4 : DecidableEq n] [inst_5 : Semiring A] [inst_6 : Algebra R A]
    (e : m ≃ n) (M : _root_.Matrix m m A), (Matrix.reindexAlgEquiv R A e) M = (Matrix.reindex e e) M
warning: QuantumBlockEncoding/Robin/PaperSevenT3.lean:111:13: `Matrix.reindexAlgEquiv_apply` has been deprecated: Use `Matrix.coe_reindexAlgEquiv` instead

Note: The updated constant has a different type:
  ∀ {m : Type u_2} {n : Type u_3} (R : Type u_11) (A : Type u_12) [inst : CommSemiring R] [inst_1 : Fintype n]
    [inst_2 : Fintype m] [inst_3 : DecidableEq m] [inst_4 : DecidableEq n] [inst_5 : Semiring A] [inst_6 : Algebra R A]
    (e : m ≃ n), ⇑(Matrix.reindexAlgEquiv R A e) = ⇑(Matrix.reindex e e)
instead of
  ∀ {m : Type u_2} {n : Type u_3} (R : Type u_11) (A : Type u_12) [inst : CommSemiring R] [inst_1 : Fintype n]
    [inst_2 : Fintype m] [inst_3 : DecidableEq m] [inst_4 : DecidableEq n] [inst_5 : Semiring A] [inst_6 : Algebra R A]
    (e : m ≃ n) (M : _root_.Matrix m m A), (Matrix.reindexAlgEquiv R A e) M = (Matrix.reindex e e) M
warning: QuantumBlockEncoding/Robin/PaperSevenT3.lean:109:4: This simp argument is unused:
  Equiv.symm_symm

Hint: Omit it from the simp argument list.
  [apply] simp only [_root_.Matrix.reindexAlgEquiv_apply, _root_.Matrix.reindex_apply, _root_.Matrix.submatrix_apply,
    Equiv.symm_apply_apply]

Note: This linter can be disabled with `set_option linter.unusedSimpArgs false`
warning: QuantumBlockEncoding/Robin/PaperSevenT3.lean:232:13: `Matrix.reindexAlgEquiv_apply` has been deprecated: Use `Matrix.coe_reindexAlgEquiv` instead

Note: The updated constant has a different type:
  ∀ {m : Type u_2} {n : Type u_3} (R : Type u_11) (A : Type u_12) [inst : CommSemiring R] [inst_1 : Fintype n]
    [inst_2 : Fintype m] [inst_3 : DecidableEq m] [inst_4 : DecidableEq n] [inst_5 : Semiring A] [inst_6 : Algebra R A]
    (e : m ≃ n), ⇑(Matrix.reindexAlgEquiv R A e) = ⇑(Matrix.reindex e e)
instead of
  ∀ {m : Type u_2} {n : Type u_3} (R : Type u_11) (A : Type u_12) [inst : CommSemiring R] [inst_1 : Fintype n]
    [inst_2 : Fintype m] [inst_3 : DecidableEq m] [inst_4 : DecidableEq n] [inst_5 : Semiring A] [inst_6 : Algebra R A]
    (e : m ≃ n) (M : _root_.Matrix m m A), (Matrix.reindexAlgEquiv R A e) M = (Matrix.reindex e e) M
⚠ [3071/3198] Replayed QuantumBlockEncoding.Robin.Figure4Loaders
warning: QuantumBlockEncoding/Robin/Figure4Loaders.lean:109:4: try 'simp' instead of 'simpa'

Note: This linter can be disabled with `set_option linter.unnecessarySimpa false`
warning: QuantumBlockEncoding/Robin/Figure4Loaders.lean:191:4: try 'simp' instead of 'simpa'

Note: This linter can be disabled with `set_option linter.unnecessarySimpa false`
warning: QuantumBlockEncoding/Robin/Figure4Loaders.lean:179:60: This simp argument is unused:
  if_pos

Hint: Omit it from the simp argument list.
  [apply] simp only [warmRobinFigure4BoundaryLoaderAngle, active, ExactAngle.eval]

Note: This linter can be disabled with `set_option linter.unusedSimpArgs false`
warning: QuantumBlockEncoding/Robin/Figure4Loaders.lean:180:6: This simp argument is unused:
  ExactAngle.eval

Hint: Omit it from the simp argument list.
  [apply] simp only [warmRobinFigure4BoundaryLoaderAngle, active, if_pos]

Note: This linter can be disabled with `set_option linter.unusedSimpArgs false`
⚠ [3072/3198] Replayed QuantumBlockEncoding.Robin.Figure4PreparePrimitive
warning: QuantumBlockEncoding/Robin/Figure4PreparePrimitive.lean:104:4: `Matrix.reindexAlgEquiv_apply` has been deprecated: Use `Matrix.coe_reindexAlgEquiv` instead

Note: The updated constant has a different type:
  ∀ {m : Type u_2} {n : Type u_3} (R : Type u_11) (A : Type u_12) [inst : CommSemiring R] [inst_1 : Fintype n]
    [inst_2 : Fintype m] [inst_3 : DecidableEq m] [inst_4 : DecidableEq n] [inst_5 : Semiring A] [inst_6 : Algebra R A]
    (e : m ≃ n), ⇑(Matrix.reindexAlgEquiv R A e) = ⇑(Matrix.reindex e e)
instead of
  ∀ {m : Type u_2} {n : Type u_3} (R : Type u_11) (A : Type u_12) [inst : CommSemiring R] [inst_1 : Fintype n]
    [inst_2 : Fintype m] [inst_3 : DecidableEq m] [inst_4 : DecidableEq n] [inst_5 : Semiring A] [inst_6 : Algebra R A]
    (e : m ≃ n) (M : _root_.Matrix m m A), (Matrix.reindexAlgEquiv R A e) M = (Matrix.reindex e e) M
warning: QuantumBlockEncoding/Robin/Figure4PreparePrimitive.lean:117:16: Unused tactic linter: `norm_num` does nothing

Note: This linter can be disabled with `set_option linter.unusedTactic false`
warning: QuantumBlockEncoding/Robin/Figure4PreparePrimitive.lean:117:16: this tactic is never executed

Note: This linter can be disabled with `set_option linter.unreachableTactic false`
warning: QuantumBlockEncoding/Robin/Figure4PreparePrimitive.lean:153:4: `Matrix.reindexAlgEquiv_apply` has been deprecated: Use `Matrix.coe_reindexAlgEquiv` instead

Note: The updated constant has a different type:
  ∀ {m : Type u_2} {n : Type u_3} (R : Type u_11) (A : Type u_12) [inst : CommSemiring R] [inst_1 : Fintype n]
    [inst_2 : Fintype m] [inst_3 : DecidableEq m] [inst_4 : DecidableEq n] [inst_5 : Semiring A] [inst_6 : Algebra R A]
    (e : m ≃ n), ⇑(Matrix.reindexAlgEquiv R A e) = ⇑(Matrix.reindex e e)
instead of
  ∀ {m : Type u_2} {n : Type u_3} (R : Type u_11) (A : Type u_12) [inst : CommSemiring R] [inst_1 : Fintype n]
    [inst_2 : Fintype m] [inst_3 : DecidableEq m] [inst_4 : DecidableEq n] [inst_5 : Semiring A] [inst_6 : Algebra R A]
    (e : m ≃ n) (M : _root_.Matrix m m A), (Matrix.reindexAlgEquiv R A e) M = (Matrix.reindex e e) M
warning: QuantumBlockEncoding/Robin/Figure4PreparePrimitive.lean:177:22: This simp argument is unused:
  warmRobinFigure4SelectorBits_decode

Hint: Omit it from the simp argument list.
  [apply] simp

Note: This linter can be disabled with `set_option linter.unusedSimpArgs false`
warning: QuantumBlockEncoding/Robin/Figure4PreparePrimitive.lean:213:4: `Matrix.reindexAlgEquiv_apply` has been deprecated: Use `Matrix.coe_reindexAlgEquiv` instead

Note: The updated constant has a different type:
  ∀ {m : Type u_2} {n : Type u_3} (R : Type u_11) (A : Type u_12) [inst : CommSemiring R] [inst_1 : Fintype n]
    [inst_2 : Fintype m] [inst_3 : DecidableEq m] [inst_4 : DecidableEq n] [inst_5 : Semiring A] [inst_6 : Algebra R A]
    (e : m ≃ n), ⇑(Matrix.reindexAlgEquiv R A e) = ⇑(Matrix.reindex e e)
instead of
  ∀ {m : Type u_2} {n : Type u_3} (R : Type u_11) (A : Type u_12) [inst : CommSemiring R] [inst_1 : Fintype n]
    [inst_2 : Fintype m] [inst_3 : DecidableEq m] [inst_4 : DecidableEq n] [inst_5 : Semiring A] [inst_6 : Algebra R A]
    (e : m ≃ n) (M : _root_.Matrix m m A), (Matrix.reindexAlgEquiv R A e) M = (Matrix.reindex e e) M
warning: QuantumBlockEncoding/Robin/Figure4PreparePrimitive.lean:237:22: This simp argument is unused:
  warmRobinFigure4SelectorBits_decode

Hint: Omit it from the simp argument list.
  [apply] simp

Note: This linter can be disabled with `set_option linter.unusedSimpArgs false`
warning: QuantumBlockEncoding/Robin/Figure4PreparePrimitive.lean:280:6: `Matrix.reindexAlgEquiv_mul` has been deprecated: Use `map_mul` instead

Note: The updated constant has a different type:
  ∀ {M : Type u_4} {N : Type u_5} {F : Type u_9} [inst : Mul M] [inst_1 : Mul N] [inst_2 : FunLike F M N]
    [MulHomClass F M N] (f : F) (x y : M), f (x * y) = f x * f y
instead of
  ∀ {m : Type u_2} {n : Type u_3} (R : Type u_11) (A : Type u_12) [inst : CommSemiring R] [inst_1 : Fintype n]
    [inst_2 : Fintype m] [inst_3 : DecidableEq m] [inst_4 : DecidableEq n] [inst_5 : Semiring A] [inst_6 : Algebra R A]
    (e : m ≃ n) (M N : _root_.Matrix m m A),
    (Matrix.reindexAlgEquiv R A e) (M * N) = (Matrix.reindexAlgEquiv R A e) M * (Matrix.reindexAlgEquiv R A e) N

Note: The updated constant is in a different namespace. Dot notation may need to be changed (e.g., from `x.reindexAlgEquiv_mul` to `map_mul x`).
warning: QuantumBlockEncoding/Robin/Figure4PreparePrimitive.lean:281:6: `Matrix.reindexAlgEquiv_mul` has been deprecated: Use `map_mul` instead

Note: The updated constant has a different type:
  ∀ {M : Type u_4} {N : Type u_5} {F : Type u_9} [inst : Mul M] [inst_1 : Mul N] [inst_2 : FunLike F M N]
    [MulHomClass F M N] (f : F) (x y : M), f (x * y) = f x * f y
instead of
  ∀ {m : Type u_2} {n : Type u_3} (R : Type u_11) (A : Type u_12) [inst : CommSemiring R] [inst_1 : Fintype n]
    [inst_2 : Fintype m] [inst_3 : DecidableEq m] [inst_4 : DecidableEq n] [inst_5 : Semiring A] [inst_6 : Algebra R A]
    (e : m ≃ n) (M N : _root_.Matrix m m A),
    (Matrix.reindexAlgEquiv R A e) (M * N) = (Matrix.reindexAlgEquiv R A e) M * (Matrix.reindexAlgEquiv R A e) N

Note: The updated constant is in a different namespace. Dot notation may need to be changed (e.g., from `x.reindexAlgEquiv_mul` to `map_mul x`).
⚠ [3073/3198] Replayed QuantumBlockEncoding.Robin.Figure4MiddlePrimitive
warning: QuantumBlockEncoding/Robin/Figure4MiddlePrimitive.lean:55:8: `Matrix.reindexAlgEquiv_mul` has been deprecated: Use `map_mul` instead

Note: The updated constant has a different type:
  ∀ {M : Type u_4} {N : Type u_5} {F : Type u_9} [inst : Mul M] [inst_1 : Mul N] [inst_2 : FunLike F M N]
    [MulHomClass F M N] (f : F) (x y : M), f (x * y) = f x * f y
instead of
  ∀ {m : Type u_2} {n : Type u_3} (R : Type u_11) (A : Type u_12) [inst : CommSemiring R] [inst_1 : Fintype n]
    [inst_2 : Fintype m] [inst_3 : DecidableEq m] [inst_4 : DecidableEq n] [inst_5 : Semiring A] [inst_6 : Algebra R A]
    (e : m ≃ n) (M N : _root_.Matrix m m A),
    (Matrix.reindexAlgEquiv R A e) (M * N) = (Matrix.reindexAlgEquiv R A e) M * (Matrix.reindexAlgEquiv R A e) N

Note: The updated constant is in a different namespace. Dot notation may need to be changed (e.g., from `x.reindexAlgEquiv_mul` to `map_mul x`).
warning: QuantumBlockEncoding/Robin/Figure4MiddlePrimitive.lean:57:13: `Matrix.reindexAlgEquiv_apply` has been deprecated: Use `Matrix.coe_reindexAlgEquiv` instead

Note: The updated constant has a different type:
  ∀ {m : Type u_2} {n : Type u_3} (R : Type u_11) (A : Type u_12) [inst : CommSemiring R] [inst_1 : Fintype n]
    [inst_2 : Fintype m] [inst_3 : DecidableEq m] [inst_4 : DecidableEq n] [inst_5 : Semiring A] [inst_6 : Algebra R A]
    (e : m ≃ n), ⇑(Matrix.reindexAlgEquiv R A e) = ⇑(Matrix.reindex e e)
instead of
  ∀ {m : Type u_2} {n : Type u_3} (R : Type u_11) (A : Type u_12) [inst : CommSemiring R] [inst_1 : Fintype n]
    [inst_2 : Fintype m] [inst_3 : DecidableEq m] [inst_4 : DecidableEq n] [inst_5 : Semiring A] [inst_6 : Algebra R A]
    (e : m ≃ n) (M : _root_.Matrix m m A), (Matrix.reindexAlgEquiv R A e) M = (Matrix.reindex e e) M
warning: QuantumBlockEncoding/Robin/Figure4MiddlePrimitive.lean:60:4: This simp argument is unused:
  warmRobinFigure4TransportInput_coefficient

Hint: Omit it from the simp argument list.
  [apply] simp only [_root_.Matrix.reindexAlgEquiv_apply, _root_.Matrix.reindex_apply, _root_.Matrix.submatrix_apply,
    Equiv.symm_symm, _root_.Matrix.blockDiagonal_apply, warmRobinFigure4BulkAssignment_transportInput,
    warmRobinFigure4BoundaryAssignment_transportInput, if_pos]

Note: This linter can be disabled with `set_option linter.unusedSimpArgs false`
warning: QuantumBlockEncoding/Robin/Figure4MiddlePrimitive.lean:111:10: `Matrix.reindexAlgEquiv_mul` has been deprecated: Use `map_mul` instead

Note: The updated constant has a different type:
  ∀ {M : Type u_4} {N : Type u_5} {F : Type u_9} [inst : Mul M] [inst_1 : Mul N] [inst_2 : FunLike F M N]
    [MulHomClass F M N] (f : F) (x y : M), f (x * y) = f x * f y
instead of
  ∀ {m : Type u_2} {n : Type u_3} (R : Type u_11) (A : Type u_12) [inst : CommSemiring R] [inst_1 : Fintype n]
    [inst_2 : Fintype m] [inst_3 : DecidableEq m] [inst_4 : DecidableEq n] [inst_5 : Semiring A] [inst_6 : Algebra R A]
    (e : m ≃ n) (M N : _root_.Matrix m m A),
    (Matrix.reindexAlgEquiv R A e) (M * N) = (Matrix.reindexAlgEquiv R A e) M * (Matrix.reindexAlgEquiv R A e) N

Note: The updated constant is in a different namespace. Dot notation may need to be changed (e.g., from `x.reindexAlgEquiv_mul` to `map_mul x`).
warning: QuantumBlockEncoding/Robin/Figure4MiddlePrimitive.lean:117:15: `Matrix.reindexAlgEquiv_apply` has been deprecated: Use `Matrix.coe_reindexAlgEquiv` instead

Note: The updated constant has a different type:
  ∀ {m : Type u_2} {n : Type u_3} (R : Type u_11) (A : Type u_12) [inst : CommSemiring R] [inst_1 : Fintype n]
    [inst_2 : Fintype m] [inst_3 : DecidableEq m] [inst_4 : DecidableEq n] [inst_5 : Semiring A] [inst_6 : Algebra R A]
    (e : m ≃ n), ⇑(Matrix.reindexAlgEquiv R A e) = ⇑(Matrix.reindex e e)
instead of
  ∀ {m : Type u_2} {n : Type u_3} (R : Type u_11) (A : Type u_12) [inst : CommSemiring R] [inst_1 : Fintype n]
    [inst_2 : Fintype m] [inst_3 : DecidableEq m] [inst_4 : DecidableEq n] [inst_5 : Semiring A] [inst_6 : Algebra R A]
    (e : m ≃ n) (M : _root_.Matrix m m A), (Matrix.reindexAlgEquiv R A e) M = (Matrix.reindex e e) M
warning: QuantumBlockEncoding/Robin/Figure4MiddlePrimitive.lean:137:10: `Matrix.reindexAlgEquiv_mul` has been deprecated: Use `map_mul` instead

Note: The updated constant has a different type:
  ∀ {M : Type u_4} {N : Type u_5} {F : Type u_9} [inst : Mul M] [inst_1 : Mul N] [inst_2 : FunLike F M N]
    [MulHomClass F M N] (f : F) (x y : M), f (x * y) = f x * f y
instead of
  ∀ {m : Type u_2} {n : Type u_3} (R : Type u_11) (A : Type u_12) [inst : CommSemiring R] [inst_1 : Fintype n]
    [inst_2 : Fintype m] [inst_3 : DecidableEq m] [inst_4 : DecidableEq n] [inst_5 : Semiring A] [inst_6 : Algebra R A]
    (e : m ≃ n) (M N : _root_.Matrix m m A),
    (Matrix.reindexAlgEquiv R A e) (M * N) = (Matrix.reindexAlgEquiv R A e) M * (Matrix.reindexAlgEquiv R A e) N

Note: The updated constant is in a different namespace. Dot notation may need to be changed (e.g., from `x.reindexAlgEquiv_mul` to `map_mul x`).
warning: QuantumBlockEncoding/Robin/Figure4MiddlePrimitive.lean:153:15: `Matrix.reindexAlgEquiv_apply` has been deprecated: Use `Matrix.coe_reindexAlgEquiv` instead

Note: The updated constant has a different type:
  ∀ {m : Type u_2} {n : Type u_3} (R : Type u_11) (A : Type u_12) [inst : CommSemiring R] [inst_1 : Fintype n]
    [inst_2 : Fintype m] [inst_3 : DecidableEq m] [inst_4 : DecidableEq n] [inst_5 : Semiring A] [inst_6 : Algebra R A]
    (e : m ≃ n), ⇑(Matrix.reindexAlgEquiv R A e) = ⇑(Matrix.reindex e e)
instead of
  ∀ {m : Type u_2} {n : Type u_3} (R : Type u_11) (A : Type u_12) [inst : CommSemiring R] [inst_1 : Fintype n]
    [inst_2 : Fintype m] [inst_3 : DecidableEq m] [inst_4 : DecidableEq n] [inst_5 : Semiring A] [inst_6 : Algebra R A]
    (e : m ≃ n) (M : _root_.Matrix m m A), (Matrix.reindexAlgEquiv R A e) M = (Matrix.reindex e e) M
warning: QuantumBlockEncoding/Robin/Figure4MiddlePrimitive.lean:134:22: This simp argument is unused:
  if_neg

Hint: Omit it from the simp argument list.
  [apply] simp only [equal]

Note: This linter can be disabled with `set_option linter.unusedSimpArgs false`
warning: QuantumBlockEncoding/Robin/Figure4MiddlePrimitive.lean:156:25: This simp argument is unused:
  if_neg

Hint: Omit it from the simp argument list.
  [apply] simp only [_root_.Matrix.reindexAlgEquiv_apply, _root_.Matrix.reindex_apply, _root_.Matrix.submatrix_apply,
    Equiv.symm_symm, _root_.Matrix.blockDiagonal_apply, contextsDifferent, if_false]

Note: This linter can be disabled with `set_option linter.unusedSimpArgs false`
⚠ [3074/3198] Replayed QuantumBlockEncoding.Robin.Figure4T3
warning: QuantumBlockEncoding/Robin/Figure4T3.lean:115:15: `Matrix.reindexAlgEquiv_apply` has been deprecated: Use `Matrix.coe_reindexAlgEquiv` instead

Note: The updated constant has a different type:
  ∀ {m : Type u_2} {n : Type u_3} (R : Type u_11) (A : Type u_12) [inst : CommSemiring R] [inst_1 : Fintype n]
    [inst_2 : Fintype m] [inst_3 : DecidableEq m] [inst_4 : DecidableEq n] [inst_5 : Semiring A] [inst_6 : Algebra R A]
    (e : m ≃ n), ⇑(Matrix.reindexAlgEquiv R A e) = ⇑(Matrix.reindex e e)
instead of
  ∀ {m : Type u_2} {n : Type u_3} (R : Type u_11) (A : Type u_12) [inst : CommSemiring R] [inst_1 : Fintype n]
    [inst_2 : Fintype m] [inst_3 : DecidableEq m] [inst_4 : DecidableEq n] [inst_5 : Semiring A] [inst_6 : Algebra R A]
    (e : m ≃ n) (M : _root_.Matrix m m A), (Matrix.reindexAlgEquiv R A e) M = (Matrix.reindex e e) M
warning: QuantumBlockEncoding/Robin/Figure4T3.lean:142:6: `Matrix.reindexAlgEquiv_mul` has been deprecated: Use `map_mul` instead

Note: The updated constant has a different type:
  ∀ {M : Type u_4} {N : Type u_5} {F : Type u_9} [inst : Mul M] [inst_1 : Mul N] [inst_2 : FunLike F M N]
    [MulHomClass F M N] (f : F) (x y : M), f (x * y) = f x * f y
instead of
  ∀ {m : Type u_2} {n : Type u_3} (R : Type u_11) (A : Type u_12) [inst : CommSemiring R] [inst_1 : Fintype n]
    [inst_2 : Fintype m] [inst_3 : DecidableEq m] [inst_4 : DecidableEq n] [inst_5 : Semiring A] [inst_6 : Algebra R A]
    (e : m ≃ n) (M N : _root_.Matrix m m A),
    (Matrix.reindexAlgEquiv R A e) (M * N) = (Matrix.reindexAlgEquiv R A e) M * (Matrix.reindexAlgEquiv R A e) N

Note: The updated constant is in a different namespace. Dot notation may need to be changed (e.g., from `x.reindexAlgEquiv_mul` to `map_mul x`).
warning: QuantumBlockEncoding/Robin/Figure4T3.lean:143:6: `Matrix.reindexAlgEquiv_mul` has been deprecated: Use `map_mul` instead

Note: The updated constant has a different type:
  ∀ {M : Type u_4} {N : Type u_5} {F : Type u_9} [inst : Mul M] [inst_1 : Mul N] [inst_2 : FunLike F M N]
    [MulHomClass F M N] (f : F) (x y : M), f (x * y) = f x * f y
instead of
  ∀ {m : Type u_2} {n : Type u_3} (R : Type u_11) (A : Type u_12) [inst : CommSemiring R] [inst_1 : Fintype n]
    [inst_2 : Fintype m] [inst_3 : DecidableEq m] [inst_4 : DecidableEq n] [inst_5 : Semiring A] [inst_6 : Algebra R A]
    (e : m ≃ n) (M N : _root_.Matrix m m A),
    (Matrix.reindexAlgEquiv R A e) (M * N) = (Matrix.reindexAlgEquiv R A e) M * (Matrix.reindexAlgEquiv R A e) N

Note: The updated constant is in a different namespace. Dot notation may need to be changed (e.g., from `x.reindexAlgEquiv_mul` to `map_mul x`).
warning: QuantumBlockEncoding/Robin/Figure4T3.lean:259:13: `Matrix.reindexAlgEquiv_apply` has been deprecated: Use `Matrix.coe_reindexAlgEquiv` instead

Note: The updated constant has a different type:
  ∀ {m : Type u_2} {n : Type u_3} (R : Type u_11) (A : Type u_12) [inst : CommSemiring R] [inst_1 : Fintype n]
    [inst_2 : Fintype m] [inst_3 : DecidableEq m] [inst_4 : DecidableEq n] [inst_5 : Semiring A] [inst_6 : Algebra R A]
    (e : m ≃ n), ⇑(Matrix.reindexAlgEquiv R A e) = ⇑(Matrix.reindex e e)
instead of
  ∀ {m : Type u_2} {n : Type u_3} (R : Type u_11) (A : Type u_12) [inst : CommSemiring R] [inst_1 : Fintype n]
    [inst_2 : Fintype m] [inst_3 : DecidableEq m] [inst_4 : DecidableEq n] [inst_5 : Semiring A] [inst_6 : Algebra R A]
    (e : m ≃ n) (M : _root_.Matrix m m A), (Matrix.reindexAlgEquiv R A e) M = (Matrix.reindex e e) M
warning: QuantumBlockEncoding/Robin/Figure4T3.lean:263:13: `Matrix.reindexAlgEquiv_apply` has been deprecated: Use `Matrix.coe_reindexAlgEquiv` instead

Note: The updated constant has a different type:
  ∀ {m : Type u_2} {n : Type u_3} (R : Type u_11) (A : Type u_12) [inst : CommSemiring R] [inst_1 : Fintype n]
    [inst_2 : Fintype m] [inst_3 : DecidableEq m] [inst_4 : DecidableEq n] [inst_5 : Semiring A] [inst_6 : Algebra R A]
    (e : m ≃ n), ⇑(Matrix.reindexAlgEquiv R A e) = ⇑(Matrix.reindex e e)
instead of
  ∀ {m : Type u_2} {n : Type u_3} (R : Type u_11) (A : Type u_12) [inst : CommSemiring R] [inst_1 : Fintype n]
    [inst_2 : Fintype m] [inst_3 : DecidableEq m] [inst_4 : DecidableEq n] [inst_5 : Semiring A] [inst_6 : Algebra R A]
    (e : m ≃ n) (M : _root_.Matrix m m A), (Matrix.reindexAlgEquiv R A e) M = (Matrix.reindex e e) M
warning: QuantumBlockEncoding/Robin/Figure4T3.lean:261:4: This simp argument is unused:
  Equiv.symm_symm

Hint: Omit it from the simp argument list.
  [apply] simp only [_root_.Matrix.reindexAlgEquiv_apply, _root_.Matrix.reindex_apply, _root_.Matrix.submatrix_apply,
    Equiv.symm_apply_apply]

Note: This linter can be disabled with `set_option linter.unusedSimpArgs false`
⚠ [3169/3198] Replayed QuantumBlockEncoding.TextbookStatePreparation
warning: QuantumBlockEncoding/TextbookStatePreparation.lean:66:39: This simp argument is unused:
  Pi.single_apply

Hint: Omit it from the simp argument list.
  [apply] simp [zeroKet, oneState, basisKet, h10, h01]

Note: This linter can be disabled with `set_option linter.unusedSimpArgs false`
warning: QuantumBlockEncoding/TextbookStatePreparation.lean:80:39: This simp argument is unused:
  Pi.single_apply

Hint: Omit it from the simp argument list.
  [apply] simp [zeroKet, oneState, basisKet, zeroBasisIndex, zeroIndex, oneIndex, Fin.mk.injEq]

Note: This linter can be disabled with `set_option linter.unusedSimpArgs false`
warning: QuantumBlockEncoding/TextbookStatePreparation.lean:81:43: This simp argument is unused:
  Fin.mk.injEq

Hint: Omit it from the simp argument list.
  [apply] simp [zeroKet, oneState, basisKet, Pi.single_apply, zeroBasisIndex, zeroIndex, oneIndex]

Note: This linter can be disabled with `set_option linter.unusedSimpArgs false`
⚠ [3171/3198] Replayed QuantumBlockEncoding.StatePreparationPrimitiveRoutes
warning: QuantumBlockEncoding/StatePreparationPrimitiveRoutes.lean:140:35: `Matrix.reindexAlgEquiv_mul` has been deprecated: Use `map_mul` instead

Note: The updated constant has a different type:
  ∀ {M : Type u_4} {N : Type u_5} {F : Type u_9} [inst : Mul M] [inst_1 : Mul N] [inst_2 : FunLike F M N]
    [MulHomClass F M N] (f : F) (x y : M), f (x * y) = f x * f y
instead of
  ∀ {m : Type u_2} {n : Type u_3} (R : Type u_11) (A : Type u_12) [inst : CommSemiring R] [inst_1 : Fintype n]
    [inst_2 : Fintype m] [inst_3 : DecidableEq m] [inst_4 : DecidableEq n] [inst_5 : Semiring A] [inst_6 : Algebra R A]
    (e : m ≃ n) (M N : _root_.Matrix m m A),
    (Matrix.reindexAlgEquiv R A e) (M * N) = (Matrix.reindexAlgEquiv R A e) M * (Matrix.reindexAlgEquiv R A e) N

Note: The updated constant is in a different namespace. Dot notation may need to be changed (e.g., from `x.reindexAlgEquiv_mul` to `map_mul x`).
warning: QuantumBlockEncoding/StatePreparationPrimitiveRoutes.lean:153:23: `Matrix.reindexAlgEquiv_apply` has been deprecated: Use `Matrix.coe_reindexAlgEquiv` instead

Note: The updated constant has a different type:
  ∀ {m : Type u_2} {n : Type u_3} (R : Type u_11) (A : Type u_12) [inst : CommSemiring R] [inst_1 : Fintype n]
    [inst_2 : Fintype m] [inst_3 : DecidableEq m] [inst_4 : DecidableEq n] [inst_5 : Semiring A] [inst_6 : Algebra R A]
    (e : m ≃ n), ⇑(Matrix.reindexAlgEquiv R A e) = ⇑(Matrix.reindex e e)
instead of
  ∀ {m : Type u_2} {n : Type u_3} (R : Type u_11) (A : Type u_12) [inst : CommSemiring R] [inst_1 : Fintype n]
    [inst_2 : Fintype m] [inst_3 : DecidableEq m] [inst_4 : DecidableEq n] [inst_5 : Semiring A] [inst_6 : Algebra R A]
    (e : m ≃ n) (M : _root_.Matrix m m A), (Matrix.reindexAlgEquiv R A e) M = (Matrix.reindex e e) M
warning: QuantumBlockEncoding/StatePreparationPrimitiveRoutes.lean:155:33: Used `tac1 <;> tac2` where `(tac1; tac2)` would suffice

Note: This linter can be disabled with `set_option linter.unnecessarySeqFocus false`
warning: QuantumBlockEncoding/StatePreparationPrimitiveRoutes.lean:176:26: `Matrix.reindexAlgEquiv_apply` has been deprecated: Use `Matrix.coe_reindexAlgEquiv` instead

Note: The updated constant has a different type:
  ∀ {m : Type u_2} {n : Type u_3} (R : Type u_11) (A : Type u_12) [inst : CommSemiring R] [inst_1 : Fintype n]
    [inst_2 : Fintype m] [inst_3 : DecidableEq m] [inst_4 : DecidableEq n] [inst_5 : Semiring A] [inst_6 : Algebra R A]
    (e : m ≃ n), ⇑(Matrix.reindexAlgEquiv R A e) = ⇑(Matrix.reindex e e)
instead of
  ∀ {m : Type u_2} {n : Type u_3} (R : Type u_11) (A : Type u_12) [inst : CommSemiring R] [inst_1 : Fintype n]
    [inst_2 : Fintype m] [inst_3 : DecidableEq m] [inst_4 : DecidableEq n] [inst_5 : Semiring A] [inst_6 : Algebra R A]
    (e : m ≃ n) (M : _root_.Matrix m m A), (Matrix.reindexAlgEquiv R A e) M = (Matrix.reindex e e) M
⚠ [3172/3198] Replayed QuantumBlockEncoding.StatePreparationBellRoute
warning: QuantumBlockEncoding/StatePreparationBellRoute.lean:59:4: `Matrix.reindexAlgEquiv_apply` has been deprecated: Use `Matrix.coe_reindexAlgEquiv` instead

Note: The updated constant has a different type:
  ∀ {m : Type u_2} {n : Type u_3} (R : Type u_11) (A : Type u_12) [inst : CommSemiring R] [inst_1 : Fintype n]
    [inst_2 : Fintype m] [inst_3 : DecidableEq m] [inst_4 : DecidableEq n] [inst_5 : Semiring A] [inst_6 : Algebra R A]
    (e : m ≃ n), ⇑(Matrix.reindexAlgEquiv R A e) = ⇑(Matrix.reindex e e)
instead of
  ∀ {m : Type u_2} {n : Type u_3} (R : Type u_11) (A : Type u_12) [inst : CommSemiring R] [inst_1 : Fintype n]
    [inst_2 : Fintype m] [inst_3 : DecidableEq m] [inst_4 : DecidableEq n] [inst_5 : Semiring A] [inst_6 : Algebra R A]
    (e : m ≃ n) (M : _root_.Matrix m m A), (Matrix.reindexAlgEquiv R A e) M = (Matrix.reindex e e) M
warning: QuantumBlockEncoding/StatePreparationBellRoute.lean:60:76: Used `tac1 <;> tac2` where `(tac1; tac2)` would suffice

Note: This linter can be disabled with `set_option linter.unnecessarySeqFocus false`
⚠ [3174/3198] Replayed QuantumBlockEncoding.StatePreparationPaperRoutesCompact
warning: QuantumBlockEncoding/StatePreparationPaperRoutesCompact.lean:289:4: try 'simp' instead of 'simpa'

Note: This linter can be disabled with `set_option linter.unnecessarySimpa false`
⚠ [3295/3440] Replayed QuantumBlockEncoding.HermitePolynomial
warning: QuantumBlockEncoding/HermitePolynomial.lean:42:6: `Polynomial.finset_sum_coeff` has been deprecated: Use `Polynomial.finsetSum_coeff` instead
⚠ [3296/3440] Replayed QuantumBlockEncoding.RealAmplitudePreparation
warning: QuantumBlockEncoding/RealAmplitudePreparation.lean:46:24: `Matrix.reindexAlgEquiv_apply` has been deprecated: Use `Matrix.coe_reindexAlgEquiv` instead

Note: The updated constant has a different type:
  ∀ {m : Type u_2} {n : Type u_3} (R : Type u_11) (A : Type u_12) [inst : CommSemiring R] [inst_1 : Fintype n]
    [inst_2 : Fintype m] [inst_3 : DecidableEq m] [inst_4 : DecidableEq n] [inst_5 : Semiring A] [inst_6 : Algebra R A]
    (e : m ≃ n), ⇑(Matrix.reindexAlgEquiv R A e) = ⇑(Matrix.reindex e e)
instead of
  ∀ {m : Type u_2} {n : Type u_3} (R : Type u_11) (A : Type u_12) [inst : CommSemiring R] [inst_1 : Fintype n]
    [inst_2 : Fintype m] [inst_3 : DecidableEq m] [inst_4 : DecidableEq n] [inst_5 : Semiring A] [inst_6 : Algebra R A]
    (e : m ≃ n) (M : _root_.Matrix m m A), (Matrix.reindexAlgEquiv R A e) M = (Matrix.reindex e e) M
warning: QuantumBlockEncoding/RealAmplitudePreparation.lean:404:13: `Matrix.reindexAlgEquiv_apply` has been deprecated: Use `Matrix.coe_reindexAlgEquiv` instead

Note: The updated constant has a different type:
  ∀ {m : Type u_2} {n : Type u_3} (R : Type u_11) (A : Type u_12) [inst : CommSemiring R] [inst_1 : Fintype n]
    [inst_2 : Fintype m] [inst_3 : DecidableEq m] [inst_4 : DecidableEq n] [inst_5 : Semiring A] [inst_6 : Algebra R A]
    (e : m ≃ n), ⇑(Matrix.reindexAlgEquiv R A e) = ⇑(Matrix.reindex e e)
instead of
  ∀ {m : Type u_2} {n : Type u_3} (R : Type u_11) (A : Type u_12) [inst : CommSemiring R] [inst_1 : Fintype n]
    [inst_2 : Fintype m] [inst_3 : DecidableEq m] [inst_4 : DecidableEq n] [inst_5 : Semiring A] [inst_6 : Algebra R A]
    (e : m ≃ n) (M : _root_.Matrix m m A), (Matrix.reindexAlgEquiv R A e) M = (Matrix.reindex e e) M
⚠ [3304/3440] Replayed QuantumBlockEncoding.HermiteCutRank
warning: QuantumBlockEncoding/HermiteCutRank.lean:257:13: This simp argument is unused:
  Matrix.add_apply

Hint: Omit it from the simp argument list.
  [apply] simp only [Matrix.neg_apply, hneg, hgrid]

Note: This linter can be disabled with `set_option linter.unusedSimpArgs false`
warning: QuantumBlockEncoding/HermiteCutRank.lean:257:31: This simp argument is unused:
  Matrix.neg_apply

Hint: Omit it from the simp argument list.
  [apply] simp only [Matrix.add_apply, hneg, hgrid]

Note: This linter can be disabled with `set_option linter.unusedSimpArgs false`
⚠ [3320/3440] Replayed QuantumBlockEncoding.HermiteBernstein
warning: QuantumBlockEncoding/HermiteBernstein.lean:330:16: `Polynomial.eval_finset_sum` has been deprecated: Use `Polynomial.eval_finsetSum` instead
⚠ [3327/3440] Replayed QuantumBlockEncoding.RealIsometryCompletion
warning: QuantumBlockEncoding/RealIsometryCompletion.lean:42:41: `Set.restrict` has been deprecated: Use `Set.domRestrict` instead
⚠ [3328/3440] Replayed QuantumBlockEncoding.HermiteBoundaryInjection
warning: QuantumBlockEncoding/HermiteBoundaryInjection.lean:303:45: Used `tac1 <;> tac2` where `(tac1; tac2)` would suffice

Note: This linter can be disabled with `set_option linter.unnecessarySeqFocus false`
warning: QuantumBlockEncoding/HermiteBoundaryInjection.lean:561:45: Used `tac1 <;> tac2` where `(tac1; tac2)` would suffice

Note: This linter can be disabled with `set_option linter.unnecessarySeqFocus false`
warning: QuantumBlockEncoding/HermiteBoundaryInjection.lean:767:69: Used `tac1 <;> tac2` where `(tac1; tac2)` would suffice

Note: This linter can be disabled with `set_option linter.unnecessarySeqFocus false`
⚠ [3330/3440] Replayed QuantumBlockEncoding.GrayGivensCompiler
warning: QuantumBlockEncoding/GrayGivensCompiler.lean:73:28: `Matrix.reindexAlgEquiv_apply` has been deprecated: Use `Matrix.coe_reindexAlgEquiv` instead

Note: The updated constant has a different type:
  ∀ {m : Type u_2} {n : Type u_3} (R : Type u_11) (A : Type u_12) [inst : CommSemiring R] [inst_1 : Fintype n]
    [inst_2 : Fintype m] [inst_3 : DecidableEq m] [inst_4 : DecidableEq n] [inst_5 : Semiring A] [inst_6 : Algebra R A]
    (e : m ≃ n), ⇑(Matrix.reindexAlgEquiv R A e) = ⇑(Matrix.reindex e e)
instead of
  ∀ {m : Type u_2} {n : Type u_3} (R : Type u_11) (A : Type u_12) [inst : CommSemiring R] [inst_1 : Fintype n]
    [inst_2 : Fintype m] [inst_3 : DecidableEq m] [inst_4 : DecidableEq n] [inst_5 : Semiring A] [inst_6 : Algebra R A]
    (e : m ≃ n) (M : _root_.Matrix m m A), (Matrix.reindexAlgEquiv R A e) M = (Matrix.reindex e e) M
warning: QuantumBlockEncoding/GrayGivensCompiler.lean:180:25: `Matrix.reindexAlgEquiv_apply` has been deprecated: Use `Matrix.coe_reindexAlgEquiv` instead

Note: The updated constant has a different type:
  ∀ {m : Type u_2} {n : Type u_3} (R : Type u_11) (A : Type u_12) [inst : CommSemiring R] [inst_1 : Fintype n]
    [inst_2 : Fintype m] [inst_3 : DecidableEq m] [inst_4 : DecidableEq n] [inst_5 : Semiring A] [inst_6 : Algebra R A]
    (e : m ≃ n), ⇑(Matrix.reindexAlgEquiv R A e) = ⇑(Matrix.reindex e e)
instead of
  ∀ {m : Type u_2} {n : Type u_3} (R : Type u_11) (A : Type u_12) [inst : CommSemiring R] [inst_1 : Fintype n]
    [inst_2 : Fintype m] [inst_3 : DecidableEq m] [inst_4 : DecidableEq n] [inst_5 : Semiring A] [inst_6 : Algebra R A]
    (e : m ≃ n) (M : _root_.Matrix m m A), (Matrix.reindexAlgEquiv R A e) M = (Matrix.reindex e e) M
warning: QuantumBlockEncoding/GrayGivensCompiler.lean:191:51: `Matrix.reindexAlgEquiv_apply` has been deprecated: Use `Matrix.coe_reindexAlgEquiv` instead

Note: The updated constant has a different type:
  ∀ {m : Type u_2} {n : Type u_3} (R : Type u_11) (A : Type u_12) [inst : CommSemiring R] [inst_1 : Fintype n]
    [inst_2 : Fintype m] [inst_3 : DecidableEq m] [inst_4 : DecidableEq n] [inst_5 : Semiring A] [inst_6 : Algebra R A]
    (e : m ≃ n), ⇑(Matrix.reindexAlgEquiv R A e) = ⇑(Matrix.reindex e e)
instead of
  ∀ {m : Type u_2} {n : Type u_3} (R : Type u_11) (A : Type u_12) [inst : CommSemiring R] [inst_1 : Fintype n]
    [inst_2 : Fintype m] [inst_3 : DecidableEq m] [inst_4 : DecidableEq n] [inst_5 : Semiring A] [inst_6 : Algebra R A]
    (e : m ≃ n) (M : _root_.Matrix m m A), (Matrix.reindexAlgEquiv R A e) M = (Matrix.reindex e e) M
⚠ [3332/3440] Replayed QuantumBlockEncoding.TensorTrainLocalCompiler
warning: QuantumBlockEncoding/TensorTrainLocalCompiler.lean:31:15: `Matrix.reindexAlgEquiv_apply` has been deprecated: Use `Matrix.coe_reindexAlgEquiv` instead

Note: The updated constant has a different type:
  ∀ {m : Type u_2} {n : Type u_3} (R : Type u_11) (A : Type u_12) [inst : CommSemiring R] [inst_1 : Fintype n]
    [inst_2 : Fintype m] [inst_3 : DecidableEq m] [inst_4 : DecidableEq n] [inst_5 : Semiring A] [inst_6 : Algebra R A]
    (e : m ≃ n), ⇑(Matrix.reindexAlgEquiv R A e) = ⇑(Matrix.reindex e e)
instead of
  ∀ {m : Type u_2} {n : Type u_3} (R : Type u_11) (A : Type u_12) [inst : CommSemiring R] [inst_1 : Fintype n]
    [inst_2 : Fintype m] [inst_3 : DecidableEq m] [inst_4 : DecidableEq n] [inst_5 : Semiring A] [inst_6 : Algebra R A]
    (e : m ≃ n) (M : _root_.Matrix m m A), (Matrix.reindexAlgEquiv R A e) M = (Matrix.reindex e e) M
warning: QuantumBlockEncoding/TensorTrainLocalCompiler.lean:33:18: `Matrix.reindexAlgEquiv_apply` has been deprecated: Use `Matrix.coe_reindexAlgEquiv` instead

Note: The updated constant has a different type:
  ∀ {m : Type u_2} {n : Type u_3} (R : Type u_11) (A : Type u_12) [inst : CommSemiring R] [inst_1 : Fintype n]
    [inst_2 : Fintype m] [inst_3 : DecidableEq m] [inst_4 : DecidableEq n] [inst_5 : Semiring A] [inst_6 : Algebra R A]
    (e : m ≃ n), ⇑(Matrix.reindexAlgEquiv R A e) = ⇑(Matrix.reindex e e)
instead of
  ∀ {m : Type u_2} {n : Type u_3} (R : Type u_11) (A : Type u_12) [inst : CommSemiring R] [inst_1 : Fintype n]
    [inst_2 : Fintype m] [inst_3 : DecidableEq m] [inst_4 : DecidableEq n] [inst_5 : Semiring A] [inst_6 : Algebra R A]
    (e : m ≃ n) (M : _root_.Matrix m m A), (Matrix.reindexAlgEquiv R A e) M = (Matrix.reindex e e) M
⚠ [3334/3440] Replayed QuantumBlockEncoding.TensorTrainWord
warning: QuantumBlockEncoding/TensorTrainWord.lean:24:49: Used `tac1 <;> tac2` where `(tac1; tac2)` would suffice

Note: This linter can be disabled with `set_option linter.unnecessarySeqFocus false`
⚠ [3342/3440] Replayed QuantumBlockEncoding.RectangularGivens
warning: QuantumBlockEncoding/RectangularGivens.lean:141:12: try 'simp' instead of 'simpa'

Note: This linter can be disabled with `set_option linter.unnecessarySimpa false`
⚠ [3345/3440] Replayed QuantumBlockEncoding.ConstructiveIsometryCompletion
warning: QuantumBlockEncoding/ConstructiveIsometryCompletion.lean:343:15: `Matrix.reindexAlgEquiv_apply` has been deprecated: Use `Matrix.coe_reindexAlgEquiv` instead

Note: The updated constant has a different type:
  ∀ {m : Type u_2} {n : Type u_3} (R : Type u_11) (A : Type u_12) [inst : CommSemiring R] [inst_1 : Fintype n]
    [inst_2 : Fintype m] [inst_3 : DecidableEq m] [inst_4 : DecidableEq n] [inst_5 : Semiring A] [inst_6 : Algebra R A]
    (e : m ≃ n), ⇑(Matrix.reindexAlgEquiv R A e) = ⇑(Matrix.reindex e e)
instead of
  ∀ {m : Type u_2} {n : Type u_3} (R : Type u_11) (A : Type u_12) [inst : CommSemiring R] [inst_1 : Fintype n]
    [inst_2 : Fintype m] [inst_3 : DecidableEq m] [inst_4 : DecidableEq n] [inst_5 : Semiring A] [inst_6 : Algebra R A]
    (e : m ≃ n) (M : _root_.Matrix m m A), (Matrix.reindexAlgEquiv R A e) M = (Matrix.reindex e e) M
warning: QuantumBlockEncoding/ConstructiveIsometryCompletion.lean:345:21: `Matrix.reindexAlgEquiv_apply` has been deprecated: Use `Matrix.coe_reindexAlgEquiv` instead

Note: The updated constant has a different type:
  ∀ {m : Type u_2} {n : Type u_3} (R : Type u_11) (A : Type u_12) [inst : CommSemiring R] [inst_1 : Fintype n]
    [inst_2 : Fintype m] [inst_3 : DecidableEq m] [inst_4 : DecidableEq n] [inst_5 : Semiring A] [inst_6 : Algebra R A]
    (e : m ≃ n), ⇑(Matrix.reindexAlgEquiv R A e) = ⇑(Matrix.reindex e e)
instead of
  ∀ {m : Type u_2} {n : Type u_3} (R : Type u_11) (A : Type u_12) [inst : CommSemiring R] [inst_1 : Fintype n]
    [inst_2 : Fintype m] [inst_3 : DecidableEq m] [inst_4 : DecidableEq n] [inst_5 : Semiring A] [inst_6 : Algebra R A]
    (e : m ≃ n) (M : _root_.Matrix m m A), (Matrix.reindexAlgEquiv R A e) M = (Matrix.reindex e e) M
⚠ [3394/3440] Replayed QuantumBlockEncoding.StoredMatrixProductChain
warning: QuantumBlockEncoding/StoredMatrixProductChain.lean:107:59: Used `tac1 <;> tac2` where `(tac1; tac2)` would suffice

Note: This linter can be disabled with `set_option linter.unnecessarySeqFocus false`
ℹ [3399/3440] Replayed ABEISTests.RealAmplitudePreparation
info: ABEISTests/RealAmplitudePreparation.lean:3:0: 'QuantumBlockEncoding.RealAmplitudePreparation.prepareCircuit_firstColumn' depends on axioms: [propext,
 Classical.choice,
 Quot.sound]
info: ABEISTests/RealAmplitudePreparation.lean:4:0: 'QuantumBlockEncoding.HermiteStatePreparation.hermiteStatePreparation_complete' depends on axioms: [propext,
 Classical.choice,
 Quot.sound]
ℹ [3400/3440] Replayed ABEISTests.Hermite
info: ABEISTests/Hermite.lean:24:0: QuantumBlockEncoding.HermiteStatePreparation.hermiteStatePreparation_complete (k n : ℕ) (L : ℝ) :
  0 < sampleNorm k n L ∧
    ∑ j, Complex.normSq (normalizedAmplitude k n L j) = 1 ∧
      hermiteUnitary k n L ∈ Matrix.unitaryGroup (Fin (gridSize n)) ℂ ∧
        ConcreteSemantics.applyVec (hermiteUnitary k n L) (ConcreteSemantics.zeroKet n) = normalizedAmplitude k n L ∧
          (hermiteCircuit k n L).ryCount = 2 ^ n - 1 ∧
            (hermiteCircuit k n L).cxCount = 2 * (2 ^ n - 1 - n) ∧ (hermiteCircuit k n L).resource.oracleCalls = 0
info: ABEISTests/Hermite.lean:25:0: QuantumBlockEncoding.HermiteStatePreparation.hermiteCertificate (k n : ℕ) (L : ℝ) :
  ConcreteSemantics.ComplexStatePreparationCertificate n
info: ABEISTests/Hermite.lean:26:0: 'QuantumBlockEncoding.HermiteStatePreparation.hermiteStatePreparation_complete' depends on axioms: [propext,
 Classical.choice,
 Quot.sound]
ℹ [3402/3440] Replayed ABEISTests.HermiteStructure
info: ABEISTests/HermiteStructure.lean:35:0: 'QuantumBlockEncoding.HermiteSampleStructure.sampled_cut_factorization' depends on axioms: [propext,
 Classical.choice,
 Quot.sound]
info: ABEISTests/HermiteStructure.lean:36:0: 'QuantumBlockEncoding.HermiteSampleStructure.normalized_cut_factorization' depends on axioms: [propext,
 Classical.choice,
 Quot.sound]
info: ABEISTests/HermiteStructure.lean:37:0: 'QuantumBlockEncoding.HermiteIntervalMass.hermite_polynomial_mass' depends on axioms: [propext,
 Classical.choice,
 Quot.sound]
info: ABEISTests/HermiteStructure.lean:38:0: 'QuantumBlockEncoding.HermiteIntervalMass.exponentialMassClosed_eq' depends on axioms: [propext,
 Classical.choice,
 Quot.sound]
info: ABEISTests/HermiteStructure.lean:39:0: 'QuantumBlockEncoding.HermiteIntervalMass.sampled_mass_ge_one' depends on axioms: [propext,
 Classical.choice,
 Quot.sound]
info: ABEISTests/HermiteStructure.lean:47:0: 'QuantumBlockEncoding.HermiteTransferCores.sourceInterpolant_transfer' depends on axioms: [propext,
 Classical.choice,
 Quot.sound]
ℹ [3403/3440] Replayed ABEISTests.HermiteBernstein
info: ABEISTests/HermiteBernstein.lean:51:0: 'QuantumBlockEncoding.HermiteBernstein.sourceInterpolant_bernstein' depends on axioms: [propext,
 Classical.choice,
 Quot.sound]
info: ABEISTests/HermiteBernstein.lean:52:0: 'QuantumBlockEncoding.HermiteBernstein.sourceBernsteinCoefficient_nonneg' depends on axioms: [propext,
 Classical.choice,
 Quot.sound]
info: ABEISTests/HermiteBernstein.lean:53:0: 'QuantumBlockEncoding.HermiteBernstein.casteljau_eq_sum' depends on axioms: [propext, Classical.choice, Quot.sound]
info: ABEISTests/HermiteBernstein.lean:54:0: 'QuantumBlockEncoding.HermiteBernstein.restrictCoefficients_eval' depends on axioms: [propext,
 Classical.choice,
 Quot.sound]
info: ABEISTests/HermiteBernstein.lean:55:0: 'QuantumBlockEncoding.HermiteBernstein.restrictCoefficients_bounds' depends on axioms: [propext,
 Classical.choice,
 Quot.sound]
info: ABEISTests/HermiteBernstein.lean:56:0: 'QuantumBlockEncoding.HermiteBernstein.sourceInterpolant_subdivision_readout' depends on axioms: [propext,
 Classical.choice,
 Quot.sound]
ℹ [3404/3440] Replayed ABEISTests.SequentialBond
info: ABEISTests/SequentialBond.lean:65:0: 'QuantumBlockEncoding.SequentialBondPreparation.step_apply' depends on axioms: [propext, Classical.choice, Quot.sound]
info: ABEISTests/SequentialBond.lean:66:0: 'QuantumBlockEncoding.SequentialBondPreparation.run_eq_transfer_of_supported' depends on axioms: [propext,
 Classical.choice,
 Quot.sound]
info: ABEISTests/SequentialBond.lean:67:0: 'QuantumBlockEncoding.SequentialBondPreparation.run_terminal_clean' depends on axioms: [propext,
 Classical.choice,
 Quot.sound]
info: ABEISTests/SequentialBond.lean:68:0: 'QuantumBlockEncoding.SequentialBondPreparation.run_circuitStages_eq_transfer' depends on axioms: [propext,
 Classical.choice,
 Quot.sound]
info: ABEISTests/SequentialBond.lean:69:0: 'QuantumBlockEncoding.SequentialBondPreparation.amplitudeMass_run_basisBoundary' depends on axioms: [propext,
 Classical.choice,
 Quot.sound]
info: ABEISTests/SequentialBond.lean:70:0: 'SequentialBondIndependentExamples.swap_active_columns' depends on axioms: [propext, Classical.choice, Quot.sound]
ℹ [3405/3440] Replayed ABEISTests.SelectedRyPlane
info: ABEISTests/SelectedRyPlane.lean:57:0: 'QuantumBlockEncoding.compileSelectedRy_eval_plane' depends on axioms: [propext, Classical.choice, Quot.sound]
info: ABEISTests/SelectedRyPlane.lean:58:0: 'QuantumBlockEncoding.selectedRyPlaneMatrix_fixed_column' depends on axioms: [propext, Classical.choice, Quot.sound]
info: ABEISTests/SelectedRyPlane.lean:59:0: 'QuantumBlockEncoding.compileSelectedRySteps_eval' depends on axioms: [propext, Classical.choice, Quot.sound]
info: ABEISTests/SelectedRyPlane.lean:60:0: 'QuantumBlockEncoding.compileSelectedRySteps_gateCount' depends on axioms: [propext, Classical.choice, Quot.sound]
info: ABEISTests/SelectedRyPlane.lean:61:0: 'QuantumBlockEncoding.compileSelectedRySteps_cubic_bound' depends on axioms: [propext, Classical.choice, Quot.sound]
info: ABEISTests/SelectedRyPlane.lean:63:0: QuantumBlockEncoding.compileSelectedRy_eval_plane {qubits controls : ℕ} (target : Fin qubits)
  (wires : Fin controls ≃ OtherPrimitiveWires target) (chosen : OtherPrimitiveWires target → Fin 2)
  (angle : ExactAngle) :
  evalPrimitiveCircuit
      (compileSelectedRy (fun index => ↑(wires index)) target ⋯ (fun index => chosen (wires index)) angle) =
    (selectedRyPlaneMatrix target chosen angle.eval).map Complex.ofReal
info: ABEISTests/SelectedRyPlane.lean:64:0: QuantumBlockEncoding.compileSelectedRySteps_cubic_bound {qubits controls : ℕ}
  (steps : List (SelectedRyStep qubits controls)) (stages : ℕ)
  (lengthBound : steps.length ≤ stages * (2 * 2 ^ controls * (2 * 2 ^ controls - 1) / 2)) :
  (compileSelectedRySteps steps).gateCount ≤ 6 * stages * (2 ^ controls) ^ 3 ∧
    (compileSelectedRySteps steps).resource.oracleCalls = 0
ℹ [3406/3440] Replayed ABEISTests.ThinLQ
info: ABEISTests/ThinLQ.lean:37:0: QuantumBlockEncoding.ThinLQ.exists_thin_lq {m n : ℕ} (A : Matrix (Fin m) (Fin n) ℝ) :
  ∃ R Q, A = R * Q ∧ Q * Q.transpose = 1
info: ABEISTests/ThinLQ.lean:38:0: 'QuantumBlockEncoding.ThinLQ.sum_prefix_of_zero' depends on axioms: [propext, Classical.choice, Quot.sound]
info: ABEISTests/ThinLQ.lean:39:0: 'QuantumBlockEncoding.ThinLQ.exists_factor_of_le' depends on axioms: [propext, Classical.choice, Quot.sound]
info: ABEISTests/ThinLQ.lean:40:0: 'QuantumBlockEncoding.ThinLQ.exists_thin_lq' depends on axioms: [propext, Classical.choice, Quot.sound]
ℹ [3407/3440] Replayed ABEISTests.PrimitiveWireRename
info: ABEISTests/PrimitiveWireRename.lean:18:0: 'QuantumBlockEncoding.PrimitiveWireRename.eval_circuit' depends on axioms: [propext, Classical.choice, Quot.sound]
ℹ [3408/3440] Replayed ABEISTests.TensorTrainCanonical
info: ABEISTests/TensorTrainCanonical.lean:53:0: 'QuantumBlockEncoding.TensorTrainCanonical.exists_core_lq' depends on axioms: [propext, Classical.choice, Quot.sound]
info: ABEISTests/TensorTrainCanonical.lean:54:0: 'QuantumBlockEncoding.TensorTrainCanonical.exists_rightCanonical' depends on axioms: [propext,
 Classical.choice,
 Quot.sound]
info: ABEISTests/TensorTrainCanonical.lean:55:0: 'QuantumBlockEncoding.TensorTrainCanonical.chainMass_eq' depends on axioms: [propext, Classical.choice, Quot.sound]
info: ABEISTests/TensorTrainCanonical.lean:56:0: 'QuantumBlockEncoding.TensorTrainCanonical.exists_normalized_state' depends on axioms: [propext,
 Classical.choice,
 Quot.sound]
info: ABEISTests/TensorTrainCanonical.lean:57:0: 'QuantumBlockEncoding.TensorTrainCanonical.sequential_step_padded' depends on axioms: [propext,
 Classical.choice,
 Quot.sound]
info: ABEISTests/TensorTrainCanonical.lean:58:0: 'QuantumBlockEncoding.TensorTrainCanonical.paddedCore_active_isometry' depends on axioms: [propext,
 Classical.choice,
 Quot.sound]
info: ABEISTests/TensorTrainCanonical.lean:59:0: 'QuantumBlockEncoding.TensorTrainCanonical.RankReduced.last_bond_le_two' depends on axioms: [propext,
 Classical.choice,
 Quot.sound]
ℹ [3409/3440] Replayed ABEISTests.AdjacentGivens
info: ABEISTests/AdjacentGivens.lean:35:0: @decomposeSO_matrix : ∀ {N : ℕ} (A : _root_.Matrix (Fin N) (Fin N) ℝ),
  A.transpose * A = 1 → A.det = 1 → stepsMatrix (decomposeSO A) = A
info: ABEISTests/AdjacentGivens.lean:36:0: @decomposeSO_length : ∀ {N : ℕ} (A : _root_.Matrix (Fin N) (Fin N) ℝ), (decomposeSO A).length = N * (N - 1) / 2
info: ABEISTests/AdjacentGivens.lean:37:0: @planeMatrix_selected_entry : ∀ {N : ℕ} (i j : Fin N),
  i ≠ j →
    ∀ (theta : ℝ) (rowBit colBit : Fin 2),
      planeMatrix i j theta (if rowBit = 0 then i else j) (if colBit = 0 then i else j) =
        realRyPlaneBlock theta rowBit colBit
info: ABEISTests/AdjacentGivens.lean:38:0: @planeMatrix_fixed_column : ∀ {N : ℕ} (i j col : Fin N) (theta : ℝ),
  col ≠ i → col ≠ j → ∀ (row : Fin N), planeMatrix i j theta row col = 1 row col
info: ABEISTests/AdjacentGivens.lean:39:0: 'QuantumBlockEncoding.AdjacentGivens.decomposeSO_matrix' depends on axioms: [propext, Classical.choice, Quot.sound]
info: ABEISTests/AdjacentGivens.lean:40:0: 'QuantumBlockEncoding.AdjacentGivens.decomposeSO_length' depends on axioms: [propext, Classical.choice, Quot.sound]
info: ABEISTests/AdjacentGivens.lean:41:0: 'QuantumBlockEncoding.AdjacentGivens.fullSweep_eq_one' depends on axioms: [propext, Classical.choice, Quot.sound]
info: ABEISTests/AdjacentGivens.lean:42:0: 'QuantumBlockEncoding.AdjacentGivens.columnSweep_prefix_succ' depends on axioms: [propext, Classical.choice, Quot.sound]
info: ABEISTests/AdjacentGivens.lean:43:0: 'QuantumBlockEncoding.AdjacentGivens.eliminateEntry_zero_pair' depends on axioms: [propext,
 Classical.choice,
 Quot.sound]
ℹ [3410/3440] Replayed ABEISTests.SequentialPrimitiveAssembly
info: ABEISTests/SequentialPrimitiveAssembly.lean:39:0: 'QuantumBlockEncoding.SequentialPrimitiveAssembly.eval_assemble' depends on axioms: [propext,
 Classical.choice,
 Quot.sound]
info: ABEISTests/SequentialPrimitiveAssembly.lean:40:0: 'QuantumBlockEncoding.SequentialPrimitiveAssembly.assemble_clean_column' depends on axioms: [propext,
 Classical.choice,
 Quot.sound]
info: ABEISTests/SequentialPrimitiveAssembly.lean:41:0: 'QuantumBlockEncoding.SequentialPrimitiveAssembly.assemble_ryCount' depends on axioms: [propext,
 Classical.choice,
 Quot.sound]
info: ABEISTests/SequentialPrimitiveAssembly.lean:42:0: 'QuantumBlockEncoding.SequentialPrimitiveAssembly.assemble_cxCount' depends on axioms: [propext,
 Classical.choice,
 Quot.sound]
info: ABEISTests/SequentialPrimitiveAssembly.lean:50:0: 'QuantumBlockEncoding.SequentialPrimitiveAssembly.withInitial_column' depends on axioms: [propext,
 Classical.choice,
 Quot.sound]
info: ABEISTests/SequentialPrimitiveAssembly.lean:51:0: 'QuantumBlockEncoding.SequentialPrimitiveAssembly.withInitial_primitive_bound' depends on axioms: [propext,
 Classical.choice,
 Quot.sound]
info: ABEISTests/SequentialPrimitiveAssembly.lean:52:0: 'QuantumBlockEncoding.SequentialPrimitiveAssembly.publicCircuit_column' depends on axioms: [propext,
 Classical.choice,
 Quot.sound]
ℹ [3411/3440] Replayed ABEISTests.MatrixProductChain
info: ABEISTests/MatrixProductChain.lean:33:0: 'QuantumBlockEncoding.MatrixProductChain.ofKernel_contract' depends on axioms: [propext, Classical.choice, Quot.sound]
info: ABEISTests/MatrixProductChain.lean:34:0: 'QuantumBlockEncoding.MatrixProductChain.ofKernel_maxBond' depends on axioms: [propext, Classical.choice, Quot.sound]
info: ABEISTests/MatrixProductChain.lean:35:0: 'QuantumBlockEncoding.MatrixProductChain.ofKernel_storedScalars' depends on axioms: [propext,
 Classical.choice,
 Quot.sound]
ℹ [3412/3440] Replayed ABEISTests.RealIsometryCompletion
info: ABEISTests/RealIsometryCompletion.lean:63:0: 'QuantumBlockEncoding.RealIsometryCompletion.exists_orthogonal_completion' depends on axioms: [propext,
 Classical.choice,
 Quot.sound]
info: ABEISTests/RealIsometryCompletion.lean:64:0: 'QuantumBlockEncoding.RealIsometryCompletion.signFlip_orthogonal' depends on axioms: [propext,
 Classical.choice,
 Quot.sound]
info: ABEISTests/RealIsometryCompletion.lean:65:0: 'QuantumBlockEncoding.RealIsometryCompletion.signFlip_det' depends on axioms: [propext, Classical.choice, Quot.sound]
info: ABEISTests/RealIsometryCompletion.lean:66:0: 'QuantumBlockEncoding.RealIsometryCompletion.mul_signFlip_preserves' depends on axioms: [propext,
 Classical.choice,
 Quot.sound]
info: ABEISTests/RealIsometryCompletion.lean:67:0: 'QuantumBlockEncoding.RealIsometryCompletion.exists_specialOrthogonal_completion_of_unused' depends on axioms: [propext,
 Classical.choice,
 Quot.sound]
info: ABEISTests/RealIsometryCompletion.lean:68:0: 'QuantumBlockEncoding.RealIsometryCompletion.exists_specialOrthogonal_completion' depends on axioms: [propext,
 Classical.choice,
 Quot.sound]
ℹ [3413/3440] Replayed ABEISTests.HermiteBoundaryInjection
info: ABEISTests/HermiteBoundaryInjection.lean:155:0: 'QuantumBlockEncoding.HermiteBoundaryInjection.pathCoordinate_eq_wordValue' depends on axioms: [propext,
 Classical.choice,
 Quot.sound]
info: ABEISTests/HermiteBoundaryInjection.lean:156:0: 'QuantumBlockEncoding.HermiteBoundaryInjection.partial_prefix_unique' depends on axioms: [propext,
 Classical.choice,
 Quot.sound]
info: ABEISTests/HermiteBoundaryInjection.lean:157:0: 'QuantumBlockEncoding.HermiteBoundaryInjection.boundaryReadout_eq' depends on axioms: [propext,
 Classical.choice,
 Quot.sound]
info: ABEISTests/HermiteBoundaryInjection.lean:158:0: 'QuantumBlockEncoding.HermiteBoundaryInjection.injection_domain' depends on axioms: [propext,
 Classical.choice,
 Quot.sound]
info: ABEISTests/HermiteBoundaryInjection.lean:159:0: 'QuantumBlockEncoding.HermiteBoundaryInjection.cutIndex_eq_clamped' depends on axioms: [propext,
 Classical.choice,
 Quot.sound]
info: ABEISTests/HermiteBoundaryInjection.lean:160:0: 'QuantumBlockEncoding.HermiteBoundaryInjection.middleReadout_eq_masked_sample' depends on axioms: [propext,
 Classical.choice,
 Quot.sound]
info: ABEISTests/HermiteBoundaryInjection.lean:161:0: 'QuantumBlockEncoding.HermiteBoundaryInjection.sharedContract_eq_basis' depends on axioms: [propext,
 Classical.choice,
 Quot.sound]
info: ABEISTests/HermiteBoundaryInjection.lean:162:0: 'QuantumBlockEncoding.HermiteBoundaryInjection.injectionContract_boundary' depends on axioms: [propext,
 Classical.choice,
 Quot.sound]
info: ABEISTests/HermiteBoundaryInjection.lean:163:0: 'QuantumBlockEncoding.HermiteBoundaryInjection.middleFiniteReadout_eq_masked_sample' depends on axioms: [propext,
 Classical.choice,
 Quot.sound]
info: ABEISTests/HermiteBoundaryInjection.lean:164:0: 'QuantumBlockEncoding.HermiteBoundaryInjection.scalarContract_boundary' depends on axioms: [propext,
 Classical.choice,
 Quot.sound]
info: ABEISTests/HermiteBoundaryInjection.lean:165:0: 'QuantumBlockEncoding.HermiteBoundaryInjection.leftFiniteReadout_eq_masked_sample' depends on axioms: [propext,
 Classical.choice,
 Quot.sound]
info: ABEISTests/HermiteBoundaryInjection.lean:166:0: 'QuantumBlockEncoding.HermiteBoundaryInjection.rightFiniteReadout_eq_masked_sample' depends on axioms: [propext,
 Classical.choice,
 Quot.sound]
info: ABEISTests/HermiteBoundaryInjection.lean:167:0: 'QuantumBlockEncoding.HermiteBoundaryInjection.hermiteKernel_eq_sample' depends on axioms: [propext,
 Classical.choice,
 Quot.sound]
info: ABEISTests/HermiteBoundaryInjection.lean:168:0: 'QuantumBlockEncoding.HermiteBoundaryInjection.hermiteCoreAddress_card' depends on axioms: [propext,
 Classical.choice,
 Quot.sound]
ℹ [3414/3440] Replayed ABEISTests.GrayGivensCompiler
info: ABEISTests/GrayGivensCompiler.lean:42:0: GrayBasis.equiv : (n : ℕ) → Fin (2 ^ n) ≃ PrimitiveBasis n
info: ABEISTests/GrayGivensCompiler.lean:43:0: @GrayBasis.adjacent : ∀ {n : ℕ} (first second : Fin (2 ^ n)),
  ↑first + 1 = ↑second → ∃ target, (GrayBasis.equiv n) second = xBasisAction target ((GrayBasis.equiv n) first)
info: ABEISTests/GrayGivensCompiler.lean:44:0: @compileSO_eval : ∀ {q : ℕ} (A : _root_.Matrix (PrimitiveBasis (q + 1)) (PrimitiveBasis (q + 1)) ℝ),
  A.transpose * A = 1 → A.det = 1 → evalPrimitiveCircuit (compileSO A) = A.map Complex.ofReal
info: ABEISTests/GrayGivensCompiler.lean:45:0: @compileSO_cubic_bound : ∀ {q : ℕ} (A : _root_.Matrix (PrimitiveBasis (q + 1)) (PrimitiveBasis (q + 1)) ℝ),
  (compileSO A).gateCount ≤ 6 * (2 ^ q) ^ 3 ∧ (compileSO A).resource.oracleCalls = 0
info: ABEISTests/GrayGivensCompiler.lean:46:0: @compileSO_gateCount : ∀ {q : ℕ} (A : _root_.Matrix (PrimitiveBasis (q + 1)) (PrimitiveBasis (q + 1)) ℝ),
  (compileSO A).gateCount = 2 ^ (q + 1) * (2 ^ (q + 1) - 1) / 2 * (2 ^ q + 2 * (2 ^ q - 1))
info: ABEISTests/GrayGivensCompiler.lean:47:0: @compileSO_ryCount : ∀ {q : ℕ} (A : _root_.Matrix (PrimitiveBasis (q + 1)) (PrimitiveBasis (q + 1)) ℝ),
  (compileSO A).ryCount = 2 ^ (q + 1) * (2 ^ (q + 1) - 1) / 2 * 2 ^ q
info: ABEISTests/GrayGivensCompiler.lean:48:0: @compileSO_cxCount : ∀ {q : ℕ} (A : _root_.Matrix (PrimitiveBasis (q + 1)) (PrimitiveBasis (q + 1)) ℝ),
  (compileSO A).cxCount = 2 ^ (q + 1) * (2 ^ (q + 1) - 1) / 2 * (2 * (2 ^ q - 1))
info: ABEISTests/GrayGivensCompiler.lean:49:0: 'QuantumBlockEncoding.GrayBasis.adjacent' depends on axioms: [propext, Classical.choice, Quot.sound]
info: ABEISTests/GrayGivensCompiler.lean:50:0: 'QuantumBlockEncoding.GrayGivensCompiler.edge_plane_transport' depends on axioms: [propext,
 Classical.choice,
 Quot.sound]
info: ABEISTests/GrayGivensCompiler.lean:51:0: 'QuantumBlockEncoding.GrayGivensCompiler.compileSO_eval' depends on axioms: [propext, Classical.choice, Quot.sound]
info: ABEISTests/GrayGivensCompiler.lean:52:0: 'QuantumBlockEncoding.GrayGivensCompiler.compileSO_cubic_bound' depends on axioms: [propext,
 Classical.choice,
 Quot.sound]
ℹ [3415/3440] Replayed ABEISTests.TensorTrainSchedule
info: ABEISTests/TensorTrainSchedule.lean:66:0: 'QuantumBlockEncoding.TensorTrainSchedule.transfer_shift' depends on axioms: [propext, Classical.choice, Quot.sound]
info: ABEISTests/TensorTrainSchedule.lean:67:0: 'QuantumBlockEncoding.TensorTrainSchedule.transfer_padded' depends on axioms: [propext, Classical.choice, Quot.sound]
info: ABEISTests/TensorTrainSchedule.lean:68:0: 'QuantumBlockEncoding.TensorTrainSchedule.run_eq_transfer_bounded' depends on axioms: [propext,
 Classical.choice,
 Quot.sound]
info: ABEISTests/TensorTrainSchedule.lean:69:0: 'QuantumBlockEncoding.TensorTrainSchedule.run_padded' depends on axioms: [propext, Classical.choice, Quot.sound]
info: ABEISTests/TensorTrainSchedule.lean:70:0: 'QuantumBlockEncoding.TensorTrainSchedule.run_terminal_clean' depends on axioms: [propext, Classical.choice, Quot.sound]
info: ABEISTests/TensorTrainSchedule.lean:71:0: 'QuantumBlockEncoding.TensorTrainSchedule.paddedAt_active_isometry' depends on axioms: [propext,
 Classical.choice,
 Quot.sound]
info: ABEISTests/TensorTrainSchedule.lean:72:0: 'QuantumBlockEncoding.TensorTrainSchedule.exists_normalized_preparation_schedule' depends on axioms: [propext,
 Classical.choice,
 Quot.sound]
ℹ [3416/3440] Replayed ABEISTests.TensorTrainLocalCompiler
info: ABEISTests/TensorTrainLocalCompiler.lean:54:0: 'QuantumBlockEncoding.TensorTrainLocalCompiler.exists_SO_named' depends on axioms: [propext,
 Classical.choice,
 Quot.sound]
info: ABEISTests/TensorTrainLocalCompiler.lean:55:0: 'QuantumBlockEncoding.TensorTrainLocalCompiler.activeColumns_isometry' depends on axioms: [propext,
 Classical.choice,
 Quot.sound]
info: ABEISTests/TensorTrainLocalCompiler.lean:56:0: 'QuantumBlockEncoding.TensorTrainLocalCompiler.exists_local_circuit_with_resources' depends on axioms: [propext,
 Classical.choice,
 Quot.sound]
info: ABEISTests/TensorTrainLocalCompiler.lean:57:0: 'QuantumBlockEncoding.TensorTrainLocalCompiler.exists_local_circuit' depends on axioms: [propext,
 Classical.choice,
 Quot.sound]
info: ABEISTests/TensorTrainLocalCompiler.lean:58:0: 'QuantumBlockEncoding.TensorTrainLocalCompilerChecks.negativeOne_actual' depends on axioms: [propext,
 Classical.choice,
 Quot.sound]
ℹ [3417/3440] Replayed ABEISTests.TensorTrainPrimitivePreparation
info: ABEISTests/TensorTrainPrimitivePreparation.lean:65:0: 'QuantumBlockEncoding.TensorTrainPrimitivePreparation.boundaryCore_isometry' depends on axioms: [propext,
 Classical.choice,
 Quot.sound]
info: ABEISTests/TensorTrainPrimitivePreparation.lean:66:0: 'QuantumBlockEncoding.TensorTrainPrimitivePreparation.exists_unitBoundary_canonical' depends on axioms: [propext,
 Classical.choice,
 Quot.sound]
info: ABEISTests/TensorTrainPrimitivePreparation.lean:67:0: 'QuantumBlockEncoding.TensorTrainPrimitivePreparation.run_transport' depends on axioms: [propext,
 Classical.choice,
 Quot.sound]
info: ABEISTests/TensorTrainPrimitivePreparation.lean:68:0: 'QuantumBlockEncoding.TensorTrainPrimitivePreparation.run_circuits_clean' depends on axioms: [propext,
 Classical.choice,
 Quot.sound]
info: ABEISTests/TensorTrainPrimitivePreparation.lean:69:0: 'QuantumBlockEncoding.TensorTrainPrimitivePreparation.publicCircuit_clean' depends on axioms: [propext,
 Classical.choice,
 Quot.sound]
info: ABEISTests/TensorTrainPrimitivePreparation.lean:70:0: 'QuantumBlockEncoding.TensorTrainPrimitivePreparation.publicCircuit_gateCount_bound' depends on axioms: [propext,
 Classical.choice,
 Quot.sound]
info: ABEISTests/TensorTrainPrimitivePreparation.lean:71:0: 'QuantumBlockEncoding.TensorTrainPrimitivePreparation.exists_primitive_preparation' depends on axioms: [propext,
 Classical.choice,
 Quot.sound]
info: ABEISTests/TensorTrainPrimitivePreparation.lean:72:0: QuantumBlockEncoding.TensorTrainPrimitivePreparation.exists_primitive_preparation {n q : ℕ} (C : Chain (n + 1) 1 1)
  (hB : maxBond C ≤ 2 ^ q) (hNorm : ∑ x, contract C x 0 0 ^ 2 = 1) :
  ∃ circuit,
    circuit.gateCount ≤ (n + 1) * (6 * (2 ^ q) ^ 3) ∧
      circuit.resource.oracleCalls = 0 ∧
        evalPrimitiveCircuit circuit ∈ Matrix.unitaryGroup (PrimitiveBasis (n + 1 + q)) ℂ ∧
          ∀ (x : PrimitiveBasis (n + 1)) (b : PrimitiveBasis q),
            (evalPrimitiveCircuit circuit (Fin.append x b) fun x => 0) =
              if b = fun x => 0 then ↑(contract C (wordOfBasis fun i => x i.rev) 0 0) else 0
ℹ [3418/3440] Replayed ABEISTests.HermiteFiniteChain
info: ABEISTests/HermiteFiniteChain.lean:28:0: 'QuantumBlockEncoding.TensorTrainWord.sampleEquiv_value' depends on axioms: [propext, Classical.choice, Quot.sound]
info: ABEISTests/HermiteFiniteChain.lean:29:0: 'QuantumBlockEncoding.TensorTrainWord.sampleEquiv_public' depends on axioms: [propext, Classical.choice, Quot.sound]
info: ABEISTests/HermiteFiniteChain.lean:30:0: 'QuantumBlockEncoding.HermiteFiniteChain.sourceChain_contract' depends on axioms: [propext,
 Classical.choice,
 Quot.sound]
info: ABEISTests/HermiteFiniteChain.lean:31:0: 'QuantumBlockEncoding.HermiteFiniteChain.sourceChain_normalized' depends on axioms: [propext,
 Classical.choice,
 Quot.sound]
info: ABEISTests/HermiteFiniteChain.lean:32:0: 'QuantumBlockEncoding.HermiteFiniteChain.sourceChain_storage' depends on axioms: [propext, Classical.choice, Quot.sound]
info: ABEISTests/HermiteFiniteChain.lean:33:0: 'QuantumBlockEncoding.HermiteFiniteChain.cubic_stage_budget' depends on axioms: [propext, Classical.choice, Quot.sound]
ℹ [3419/3440] Replayed ABEISTests.HermitePolynomialPreparation
info: ABEISTests/HermitePolynomialPreparation.lean:36:0: 'QuantumBlockEncoding.HermitePolynomialPreparation.exists_polynomial_preparation' depends on axioms: [propext,
 Classical.choice,
 Quot.sound]
info: ABEISTests/HermitePolynomialPreparation.lean:37:0: 'QuantumBlockEncoding.TensorTrainPrimitivePreparation.exists_primitive_preparation' depends on axioms: [propext,
 Classical.choice,
 Quot.sound]
ℹ [3420/3440] Replayed ABEISTests.TensorTrainNormEnvironment
info: ABEISTests/TensorTrainNormEnvironment.lean:51:0: 'QuantumBlockEncoding.TensorTrainNormEnvironment.gram_eq_sum' depends on axioms: [propext, Classical.choice, Quot.sound]
info: ABEISTests/TensorTrainNormEnvironment.lean:52:0: 'QuantumBlockEncoding.TensorTrainNormEnvironment.gram_scalar' depends on axioms: [propext, Classical.choice, Quot.sound]
info: ABEISTests/TensorTrainNormEnvironment.lean:53:0: 'QuantumBlockEncoding.TensorTrainNormEnvironment.norm_eq_of_contract' depends on axioms: [propext,
 Classical.choice,
 Quot.sound]
info: ABEISTests/TensorTrainNormEnvironment.lean:54:0: 'QuantumBlockEncoding.TensorTrainNormEnvironment.environmentScalars_le' depends on axioms: [propext,
 Classical.choice,
 Quot.sound]
info: ABEISTests/TensorTrainNormEnvironment.lean:55:0: 'QuantumBlockEncoding.TensorTrainNormEnvironment.arithmeticBudget_le' depends on axioms: [propext,
 Classical.choice,
 Quot.sound]
ℹ [3421/3440] Replayed ABEISTests.HermiteFiniteNorm
info: ABEISTests/HermiteFiniteNorm.lean:31:0: 'QuantumBlockEncoding.HermiteFiniteNorm.rawSourceChain_contract' depends on axioms: [propext,
 Classical.choice,
 Quot.sound]
info: ABEISTests/HermiteFiniteNorm.lean:32:0: 'QuantumBlockEncoding.HermiteFiniteNorm.localSampleNorm_eq_sampleNorm' depends on axioms: [propext,
 Classical.choice,
 Quot.sound]
info: ABEISTests/HermiteFiniteNorm.lean:33:0: 'QuantumBlockEncoding.HermiteFiniteNorm.sourceChain_eq_local' depends on axioms: [propext, Classical.choice, Quot.sound]
info: ABEISTests/HermiteFiniteNorm.lean:34:0: 'QuantumBlockEncoding.HermiteFiniteNorm.norm_environment_storage' depends on axioms: [propext,
 Classical.choice,
 Quot.sound]
info: ABEISTests/HermiteFiniteNorm.lean:35:0: 'QuantumBlockEncoding.HermiteFiniteNorm.norm_arithmetic_budget' depends on axioms: [propext,
 Classical.choice,
 Quot.sound]
ℹ [3422/3440] Replayed ABEISTests.PrimitiveDepthBound
info: ABEISTests/PrimitiveDepthBound.lean:28:0: 'QuantumBlockEncoding.PrimitiveCircuit.foldl_nextWireDepth_le' depends on axioms: [propext,
 Classical.choice,
 Quot.sound]
info: ABEISTests/PrimitiveDepthBound.lean:29:0: 'QuantumBlockEncoding.PrimitiveCircuit.resource_depth_le_gateCount' depends on axioms: [propext,
 Classical.choice,
 Quot.sound]
ℹ [3423/3440] Replayed ABEISTests.HermitePolynomialResources
info: ABEISTests/HermitePolynomialResources.lean:22:0: 'QuantumBlockEncoding.HermitePolynomialPreparation.exists_polynomial_resources' depends on axioms: [propext,
 Classical.choice,
 Quot.sound]
info: ABEISTests/HermitePolynomialResources.lean:23:0: 'QuantumBlockEncoding.PrimitiveCircuit.depth_le_gateCount' depends on axioms: [propext, Classical.choice, Quot.sound]
ℹ [3424/3440] Replayed ABEISTests.SelectedRyTrace
info: ABEISTests/SelectedRyTrace.lean:28:0: 'QuantumBlockEncoding.SelectedRyTrace.compile_refines' depends on axioms: [propext, Classical.choice, Quot.sound]
info: ABEISTests/SelectedRyTrace.lean:29:0: 'QuantumBlockEncoding.SelectedRyTrace.selected_refines' depends on axioms: [propext, Classical.choice, Quot.sound]
info: ABEISTests/SelectedRyTrace.lean:30:0: 'QuantumBlockEncoding.SelectedRyTrace.selected_gateCount' depends on axioms: [propext, Classical.choice, Quot.sound]
ℹ [3425/3440] Replayed ABEISTests.ConstructiveThinLQ
info: ABEISTests/ConstructiveThinLQ.lean:80:0: 'QuantumBlockEncoding.RectangularGivens.reduced_zero_below' depends on axioms: [propext, Classical.choice, Quot.sound]
info: ABEISTests/ConstructiveThinLQ.lean:81:0: 'QuantumBlockEncoding.RectangularGivens.exact_recovery' depends on axioms: [propext, Classical.choice, Quot.sound]
info: ABEISTests/ConstructiveThinLQ.lean:82:0: 'QuantumBlockEncoding.RectangularGivens.transform_det' depends on axioms: [propext, Classical.choice, Quot.sound]
info: ABEISTests/ConstructiveThinLQ.lean:83:0: 'QuantumBlockEncoding.ConstructiveThinLQ.factor' depends on axioms: [propext, Classical.choice, Quot.sound]
info: ABEISTests/ConstructiveThinLQ.lean:84:0: 'QuantumBlockEncoding.ConstructiveThinLQ.factor_correct' depends on axioms: [propext, Classical.choice, Quot.sound]
⚠ [3426/3440] Replayed ABEISTests.ConstructiveTensorTrain
warning: ABEISTests/ConstructiveTensorTrain.lean:52:39: This simp argument is unused:
  Fin.sum_univ_two

Hint: Omit it from the simp argument list.
  [apply] simp [negativeUnit, contract, slice]

Note: This linter can be disabled with `set_option linter.unusedSimpArgs false`
info: ABEISTests/ConstructiveTensorTrain.lean:66:0: 'QuantumBlockEncoding.ConstructiveTensorTrain.factorCore' depends on axioms: [propext, Classical.choice, Quot.sound]
info: ABEISTests/ConstructiveTensorTrain.lean:67:0: 'QuantumBlockEncoding.ConstructiveTensorTrain.canonicalize' depends on axioms: [propext, Classical.choice, Quot.sound]
info: ABEISTests/ConstructiveTensorTrain.lean:68:0: 'QuantumBlockEncoding.ConstructiveTensorTrain.canonicalize_action' depends on axioms: [propext,
 Classical.choice,
 Quot.sound]
info: ABEISTests/ConstructiveTensorTrain.lean:69:0: 'QuantumBlockEncoding.ConstructiveTensorTrain.canonicalize_maxBond_le' depends on axioms: [propext,
 Classical.choice,
 Quot.sound]
info: ABEISTests/ConstructiveTensorTrain.lean:70:0: 'QuantumBlockEncoding.ConstructiveTensorTrain.stateBoundary_normalized' depends on axioms: [propext,
 Classical.choice,
 Quot.sound]
ℹ [3427/3440] Replayed ABEISTests.ConstructiveIsometryCompletion
info: ABEISTests/ConstructiveIsometryCompletion.lean:94:0: QuantumBlockEncoding.ConstructiveIsometryCompletion.complete {N r : ℕ} (hr : r < N)
  (V : _root_.Matrix (Fin N) (Fin r) ℝ) (e : Fin r ↪ Fin N) : _root_.Matrix (Fin N) (Fin N) ℝ
info: ABEISTests/ConstructiveIsometryCompletion.lean:95:0: QuantumBlockEncoding.ConstructiveIsometryCompletion.complete_spec {N r : ℕ} (hr : r < N)
  (V : _root_.Matrix (Fin N) (Fin r) ℝ) (e : Fin r ↪ Fin N) (hV : V.transpose * V = 1) :
  (complete hr V e).transpose * complete hr V e = 1 ∧
    (complete hr V e).det = 1 ∧ ∀ (row : Fin N) (a : Fin r), complete hr V e row (e a) = V row a
info: ABEISTests/ConstructiveIsometryCompletion.lean:96:0: QuantumBlockEncoding.ConstructiveIsometryCompletion.completeNamed_spec.{u_1} {I : Type u_1} [Fintype I] [DecidableEq I]
  {N r : ℕ} (coordinates : I ≃ Fin N) (hr : r < N) (V : _root_.Matrix I (Fin r) ℝ) (e : Fin r ↪ I)
  (hV : V.transpose * V = 1) :
  (completeNamed coordinates hr V e).transpose * completeNamed coordinates hr V e = 1 ∧
    (completeNamed coordinates hr V e).det = 1 ∧
      ∀ (row : I) (a : Fin r), completeNamed coordinates hr V e row (e a) = V row a
info: ABEISTests/ConstructiveIsometryCompletion.lean:97:0: QuantumBlockEncoding.ConstructiveIsometryLocal.completeStage_spec {n l r q : ℕ} (C : TensorTrainCanonical.Chain n l r)
  (hC : TensorTrainCanonical.RightCanonical C) (hB : TensorTrainCanonical.maxBond C ≤ 2 ^ q) (t : ℕ) (ht : t < n) :
  (completeStage C hB t).transpose * completeStage C hB t = 1 ∧
    (completeStage C hB t).det = 1 ∧
      ∀ (bit : Fin 2) (b a : PrimitiveBasis q),
        ↑((primitiveBasisLEEquiv q) a) < TensorTrainSchedule.rankAt C t →
          ↑(completeStage C hB t (Fin.snoc b bit) (Fin.snoc a 0)) =
            TensorTrainSchedule.paddedAt C t (bit, (primitiveBasisLEEquiv q) b) ((primitiveBasisLEEquiv q) a)
info: ABEISTests/ConstructiveIsometryCompletion.lean:98:0: 'QuantumBlockEncoding.ConstructiveIsometryCompletion.sweep_prefix' depends on axioms: [propext,
 Classical.choice,
 Quot.sound]
info: ABEISTests/ConstructiveIsometryCompletion.lean:99:0: 'QuantumBlockEncoding.ConstructiveIsometryCompletion.prefixCompletion_columns' depends on axioms: [propext,
 Classical.choice,
 Quot.sound]
info: ABEISTests/ConstructiveIsometryCompletion.lean:100:0: 'QuantumBlockEncoding.ConstructiveIsometryCompletion.extendPrefix_agrees' depends on axioms: [propext,
 Classical.choice,
 Quot.sound]
info: ABEISTests/ConstructiveIsometryCompletion.lean:101:0: 'QuantumBlockEncoding.ConstructiveIsometryCompletion.complete_spec' depends on axioms: [propext,
 Classical.choice,
 Quot.sound]
info: ABEISTests/ConstructiveIsometryCompletion.lean:102:0: 'QuantumBlockEncoding.ConstructiveIsometryCompletion.completeNamed_spec' depends on axioms: [propext,
 Classical.choice,
 Quot.sound]
info: ABEISTests/ConstructiveIsometryCompletion.lean:103:0: 'QuantumBlockEncoding.ConstructiveIsometryLocal.completeStage_spec' depends on axioms: [propext,
 Classical.choice,
 Quot.sound]
ℹ [3428/3440] Replayed ABEISTests.ConstructiveHermitePreparation
info: ABEISTests/ConstructiveHermitePreparation.lean:98:0: QuantumBlockEncoding.ConstructiveTensorTrainCompiler.compile {n q : ℕ} (C : Chain (n + 1) 1 1)
  (hB : maxBond C ≤ 2 ^ q) : PrimitiveCircuit (n + 1 + q)
info: ABEISTests/ConstructiveHermitePreparation.lean:99:0: QuantumBlockEncoding.ConstructiveTensorTrainCompiler.compile_spec {n q : ℕ} (C : Chain (n + 1) 1 1)
  (hB : maxBond C ≤ 2 ^ q) (hNorm : ∑ x, contract C x 0 0 ^ 2 = 1) :
  (compile C hB).gateCount ≤ (n + 1) * (6 * (2 ^ q) ^ 3) ∧
    (compile C hB).resource.depth ≤ (n + 1) * (6 * (2 ^ q) ^ 3) ∧
      (compile C hB).resource.oracleCalls = 0 ∧
        evalPrimitiveCircuit (compile C hB) ∈ Matrix.unitaryGroup (PrimitiveBasis (n + 1 + q)) ℂ ∧
          ∀ (x : PrimitiveBasis (n + 1)) (b : PrimitiveBasis q),
            (evalPrimitiveCircuit (compile C hB) (Fin.append x b) fun x => 0) =
              if b = fun x => 0 then ↑(contract C (wordOfBasis fun i => x i.rev) 0 0) else 0
info: ABEISTests/ConstructiveHermitePreparation.lean:100:0: QuantumBlockEncoding.ConstructiveTensorTrainCompiler.compile_word {n q : ℕ} (C : Chain (n + 1) 1 1)
  (hB : maxBond C ≤ 2 ^ q) (hNorm : ∑ x, contract C x 0 0 ^ 2 = 1) (x : Word (n + 1)) (b : PrimitiveBasis q) :
  (evalPrimitiveCircuit (compile C hB) (Fin.append (fun i => TensorTrainWord.toBasis x i.rev) b) fun x => 0) =
    if b = fun x => 0 then ↑(contract C x 0 0) else 0
info: ABEISTests/ConstructiveHermitePreparation.lean:101:0: QuantumBlockEncoding.ConstructiveHermitePreparation.prepare (k n : ℕ) (L : ℝ) :
  PrimitiveCircuit (n + 1 + HermiteFiniteChain.bondQubits k)
info: ABEISTests/ConstructiveHermitePreparation.lean:102:0: QuantumBlockEncoding.ConstructiveHermitePreparation.prepare_spec (k n : ℕ) (L : ℝ) (hL : 0 < L) :
  (ConstructiveHermitePreparation.prepare k n L).gateCount ≤ 48 * (n + 1) * (2 * k + 6) ^ 3 ∧
    (ConstructiveHermitePreparation.prepare k n L).resource.depth ≤ 48 * (n + 1) * (2 * k + 6) ^ 3 ∧
      (ConstructiveHermitePreparation.prepare k n L).resource.oracleCalls = 0 ∧
        evalPrimitiveCircuit (ConstructiveHermitePreparation.prepare k n L) ∈
            Matrix.unitaryGroup (PrimitiveBasis (n + 1 + HermiteFiniteChain.bondQubits k)) ℂ ∧
          ∀ (x : PrimitiveBasis (n + 1)) (b : PrimitiveBasis (HermiteFiniteChain.bondQubits k)),
            (evalPrimitiveCircuit (ConstructiveHermitePreparation.prepare k n L) (Fin.append x b) fun x => 0) =
              if b = fun x => 0 then
                HermiteStatePreparation.normalizedAmplitude k (n + 1) L ((primitiveBasisLEEquiv (n + 1)) x)
              else 0
info: ABEISTests/ConstructiveHermitePreparation.lean:103:0: 'QuantumBlockEncoding.ConstructiveTensorTrainCompiler.unitBoundary_canonical' depends on axioms: [propext,
 Classical.choice,
 Quot.sound]
info: ABEISTests/ConstructiveHermitePreparation.lean:104:0: 'QuantumBlockEncoding.ConstructiveTensorTrainCompiler.stage_columns' depends on axioms: [propext,
 Classical.choice,
 Quot.sound]
info: ABEISTests/ConstructiveHermitePreparation.lean:105:0: 'QuantumBlockEncoding.ConstructiveTensorTrainCompiler.compile_spec' depends on axioms: [propext,
 Classical.choice,
 Quot.sound]
info: ABEISTests/ConstructiveHermitePreparation.lean:106:0: 'QuantumBlockEncoding.ConstructiveTensorTrainCompiler.compile_word' depends on axioms: [propext,
 Classical.choice,
 Quot.sound]
info: ABEISTests/ConstructiveHermitePreparation.lean:107:0: 'QuantumBlockEncoding.ConstructiveHermitePreparation.prepare_spec' depends on axioms: [propext,
 Classical.choice,
 Quot.sound]
ℹ [3429/3440] Replayed ABEISTests.StoredGivens
info: ABEISTests/StoredGivens.lean:73:0: 'QuantumBlockEncoding.StoredGivens.angle_value' depends on axioms: [propext, Classical.choice, Quot.sound]
info: ABEISTests/StoredGivens.lean:74:0: 'QuantumBlockEncoding.StoredGivens.rotate_value' depends on axioms: [propext, Classical.choice, Quot.sound]
info: ABEISTests/StoredGivens.lean:75:0: 'QuantumBlockEncoding.StoredGivens.columnSweep_matrix' depends on axioms: [propext, Classical.choice, Quot.sound]
info: ABEISTests/StoredGivens.lean:76:0: 'QuantumBlockEncoding.StoredGivens.columnSweep_steps' depends on axioms: [propext, Classical.choice, Quot.sound]
info: ABEISTests/StoredGivens.lean:77:0: 'QuantumBlockEncoding.StoredGivens.columnSweep_cost_le' depends on axioms: [propext, Classical.choice, Quot.sound]
info: ABEISTests/StoredGivens.lean:78:0: 'QuantumBlockEncoding.StoredGivens.columnSweep_emit' depends on axioms: [propext, Classical.choice, Quot.sound]
info: ABEISTests/StoredGivens.lean:79:0: 'QuantumBlockEncoding.StoredGivens.materialize_cost' depends on axioms: [propext, Classical.choice, Quot.sound]
ℹ [3430/3440] Replayed ABEISTests.StoredThinLQ
info: ABEISTests/StoredThinLQ.lean:45:0: 'QuantumBlockEncoding.StoredThinLQ.compile_R' depends on axioms: [propext, Classical.choice, Quot.sound]
info: ABEISTests/StoredThinLQ.lean:46:0: 'QuantumBlockEncoding.StoredThinLQ.compile_Q' depends on axioms: [propext, Classical.choice, Quot.sound]
info: ABEISTests/StoredThinLQ.lean:47:0: 'QuantumBlockEncoding.StoredThinLQ.compile_correct' depends on axioms: [propext, Classical.choice, Quot.sound]
info: ABEISTests/StoredThinLQ.lean:48:0: 'QuantumBlockEncoding.StoredThinLQ.compile_cost_le' depends on axioms: [propext, Classical.choice, Quot.sound]
info: ABEISTests/StoredThinLQ.lean:49:0: 'QuantumBlockEncoding.StoredThinLQ.compile_total_cost_le' depends on axioms: [propext, Classical.choice, Quot.sound]
ℹ [3431/3440] Replayed ABEISTests.StoredIsometryCompletion
info: ABEISTests/StoredIsometryCompletion.lean:105:0: 'QuantumBlockEncoding.StoredIsometryCompletion.permutation_forward' depends on axioms: [propext,
 Classical.choice,
 Quot.sound]
info: ABEISTests/StoredIsometryCompletion.lean:106:0: 'QuantumBlockEncoding.StoredIsometryCompletion.permutation_inverse' depends on axioms: [propext,
 Classical.choice,
 Quot.sound]
info: ABEISTests/StoredIsometryCompletion.lean:107:0: 'QuantumBlockEncoding.StoredIsometryCompletion.permutation_polarity' depends on axioms: [propext,
 Classical.choice,
 Quot.sound]
info: ABEISTests/StoredIsometryCompletion.lean:108:0: 'QuantumBlockEncoding.StoredIsometryCompletion.placeColumns_value' depends on axioms: [propext,
 Classical.choice,
 Quot.sound]
info: ABEISTests/StoredIsometryCompletion.lean:109:0: 'QuantumBlockEncoding.StoredIsometryCompletion.complete_value' depends on axioms: [propext,
 Classical.choice,
 Quot.sound]
info: ABEISTests/StoredIsometryCompletion.lean:110:0: 'QuantumBlockEncoding.StoredIsometryCompletion.complete_spec' depends on axioms: [propext, Classical.choice, Quot.sound]
info: ABEISTests/StoredIsometryCompletion.lean:111:0: 'QuantumBlockEncoding.StoredIsometryCompletion.complete_total_cost_le' depends on axioms: [propext,
 Classical.choice,
 Quot.sound]
info: ABEISTests/StoredIsometryCompletion.lean:112:0: 'QuantumBlockEncoding.StoredIsometryCompletion.completeFrom_cost_le' depends on axioms: [propext,
 Classical.choice,
 Quot.sound]
ℹ [3432/3440] Replayed ABEISTests.HermiteBinaryCutoff
info: ABEISTests/HermiteBinaryCutoff.lean:38:0: 'QuantumBlockEncoding.HermiteBinaryCutoff.search_value' depends on axioms: [propext, Classical.choice, Quot.sound]
info: ABEISTests/HermiteBinaryCutoff.lean:39:0: 'QuantumBlockEncoding.HermiteBinaryCutoff.compute_value' depends on axioms: [propext, Classical.choice, Quot.sound]
info: ABEISTests/HermiteBinaryCutoff.lean:40:0: 'QuantumBlockEncoding.HermiteBinaryCutoff.compute_cost' depends on axioms: [propext, Classical.choice, Quot.sound]
ℹ [3433/3440] Replayed ABEISTests.StoredHermiteCoefficients
info: ABEISTests/StoredHermiteCoefficients.lean:69:0: 'QuantumBlockEncoding.StoredHermiteCoefficients.factorials_value' depends on axioms: [propext,
 Classical.choice,
 Quot.sound]
info: ABEISTests/StoredHermiteCoefficients.lean:70:0: 'QuantumBlockEncoding.StoredHermiteCoefficients.compile_value' depends on axioms: [propext,
 Classical.choice,
 Quot.sound]
info: ABEISTests/StoredHermiteCoefficients.lean:71:0: 'QuantumBlockEncoding.StoredHermiteCoefficients.compile_pos' depends on axioms: [propext, Classical.choice, Quot.sound]
info: ABEISTests/StoredHermiteCoefficients.lean:72:0: 'QuantumBlockEncoding.StoredHermiteCoefficients.compile_total_cost_le' depends on axioms: [propext,
 Classical.choice,
 Quot.sound]
info: ABEISTests/StoredHermiteCoefficients.lean:73:0: 'QuantumBlockEncoding.StoredHermiteCoefficients.compile_exponentialCalls' depends on axioms: [propext,
 Classical.choice,
 Quot.sound]
⚠ [3435/3460] Replayed ABEISTests.Basic
warning: ABEISTests/Basic.lean:961:6: Try this: intro slot h
ℹ [3436/3460] Replayed ABEISTests.StoredRectangularGivens
info: ABEISTests/StoredRectangularGivens.lean:71:0: 'QuantumBlockEncoding.StoredRectangularGivens.sweep_matrix' depends on axioms: [propext, Classical.choice, Quot.sound]
info: ABEISTests/StoredRectangularGivens.lean:72:0: 'QuantumBlockEncoding.StoredRectangularGivens.sweep_steps' depends on axioms: [propext, Classical.choice, Quot.sound]
info: ABEISTests/StoredRectangularGivens.lean:73:0: 'QuantumBlockEncoding.StoredRectangularGivens.compile_transform' depends on axioms: [propext,
 Classical.choice,
 Quot.sound]
info: ABEISTests/StoredRectangularGivens.lean:74:0: 'QuantumBlockEncoding.StoredRectangularGivens.compile_polynomial_cost_le' depends on axioms: [propext,
 Classical.choice,
 Quot.sound]
info: ABEISTests/StoredRectangularGivens.lean:75:0: 'QuantumBlockEncoding.StoredRectangularGivens.compile_total_cost_le' depends on axioms: [propext,
 Classical.choice,
 Quot.sound]
info: ABEISTests/StoredRectangularGivens.lean:76:0: 'QuantumBlockEncoding.StoredRectangularGivens.compile_exact_recovery' depends on axioms: [propext,
 Classical.choice,
 Quot.sound]
ℹ [3437/3460] Replayed ABEISTests.StoredBernstein
info: ABEISTests/StoredBernstein.lean:42:0: 'QuantumBlockEncoding.StoredBernstein.rows_value' depends on axioms: [propext, Classical.choice, Quot.sound]
info: ABEISTests/StoredBernstein.lean:43:0: 'QuantumBlockEncoding.StoredBernstein.restrict_value' depends on axioms: [propext, Classical.choice, Quot.sound]
info: ABEISTests/StoredBernstein.lean:44:0: 'QuantumBlockEncoding.StoredBernstein.restrict_total_cost_le' depends on axioms: [propext, Classical.choice, Quot.sound]
⚠ [3438/3460] Replayed ABEISTests.StoredTensorTrain
warning: ABEISTests/StoredTensorTrain.lean:70:14: Used `tac1 <;> tac2` where `(tac1; tac2)` would suffice

Note: This linter can be disabled with `set_option linter.unnecessarySeqFocus false`
info: ABEISTests/StoredTensorTrain.lean:91:0: 'QuantumBlockEncoding.StoredTensorTrain.canonicalize' depends on axioms: [propext, Classical.choice, Quot.sound]
info: ABEISTests/StoredTensorTrain.lean:92:0: 'QuantumBlockEncoding.StoredTensorTrain.canonicalize_total_cost_le' depends on axioms: [propext,
 Classical.choice,
 Quot.sound]
info: ABEISTests/StoredTensorTrain.lean:93:0: 'QuantumBlockEncoding.StoredTensorTrain.absorption_value' depends on axioms: [propext, Classical.choice, Quot.sound]
info: ABEISTests/StoredTensorTrain.lean:94:0: 'QuantumBlockEncoding.StoredTensorTrain.boundary_normalized' depends on axioms: [propext, Classical.choice, Quot.sound]
info: ABEISTests/StoredTensorTrain.lean:95:0: 'QuantumBlockEncoding.StoredTensorTrain.canonicalize_refines' depends on axioms: [propext, Classical.choice, Quot.sound]
ℹ [3439/3460] Replayed ABEISTests.HermiteExplicitBond
info: ABEISTests/HermiteExplicitBond.lean:30:0: 'QuantumBlockEncoding.HermiteExplicitBond.bondEquiv' depends on axioms: [propext, Classical.choice, Quot.sound]
info: ABEISTests/HermiteExplicitBond.lean:31:0: 'QuantumBlockEncoding.HermiteExplicitBond.same_literal_source' depends on axioms: [propext,
 Classical.choice,
 Quot.sound]
info: ABEISTests/HermiteExplicitBond.lean:32:0: 'QuantumBlockEncoding.HermiteExplicitBond.rawSourceChain_norm' depends on axioms: [propext,
 Classical.choice,
 Quot.sound]
ℹ [3440/3460] Replayed ABEISTests.StoredSelectedRyTrace
info: ABEISTests/StoredSelectedRyTrace.lean:94:0: 'QuantumBlockEncoding.StoredSelectedRyTrace.compile_value' depends on axioms: [propext, Classical.choice, Quot.sound]
info: ABEISTests/StoredSelectedRyTrace.lean:95:0: 'QuantumBlockEncoding.StoredSelectedRyTrace.compile_cost' depends on axioms: [propext, Classical.choice, Quot.sound]
info: ABEISTests/StoredSelectedRyTrace.lean:96:0: 'QuantumBlockEncoding.StoredSelectedRyTrace.traceCost_fields' depends on axioms: [propext, Classical.choice, Quot.sound]
info: ABEISTests/StoredSelectedRyTrace.lean:97:0: 'QuantumBlockEncoding.StoredSelectedRyTrace.compile_total_cost_le' depends on axioms: [propext,
 Classical.choice,
 Quot.sound]
info: ABEISTests/StoredSelectedRyTrace.lean:98:0: 'QuantumBlockEncoding.StoredSelectedRyTrace.encode_index_operations' depends on axioms: [propext,
 Classical.choice,
 Quot.sound]
info: ABEISTests/StoredSelectedRyTrace.lean:99:0: 'QuantumBlockEncoding.StoredSelectedRyTrace.selected_value' depends on axioms: [propext, Classical.choice, Quot.sound]
info: ABEISTests/StoredSelectedRyTrace.lean:100:0: 'QuantumBlockEncoding.StoredSelectedRyTrace.selected_refines' depends on axioms: [propext, Classical.choice, Quot.sound]
info: ABEISTests/StoredSelectedRyTrace.lean:101:0: 'QuantumBlockEncoding.StoredSelectedRyTrace.selected_field_tag_split' depends on axioms: [propext,
 Classical.choice,
 Quot.sound]
info: ABEISTests/StoredSelectedRyTrace.lean:102:0: 'QuantumBlockEncoding.StoredSelectedRyTrace.selected_emit' depends on axioms: [propext, Classical.choice, Quot.sound]
info: ABEISTests/StoredSelectedRyTrace.lean:103:0: 'QuantumBlockEncoding.StoredSelectedRyTrace.selected_total_cost_le' depends on axioms: [propext,
 Classical.choice,
 Quot.sound]
ℹ [3441/3460] Replayed ABEISTests.StoredTensorTrainNorm
info: ABEISTests/StoredTensorTrainNorm.lean:96:0: 'QuantumBlockEncoding.StoredTensorTrainNorm.gram' depends on axioms: [propext, Classical.choice, Quot.sound]
info: ABEISTests/StoredTensorTrainNorm.lean:97:0: 'QuantumBlockEncoding.StoredTensorTrainNorm.norm' depends on axioms: [propext, Classical.choice, Quot.sound]
info: ABEISTests/StoredTensorTrainNorm.lean:98:0: 'QuantumBlockEncoding.StoredTensorTrainNorm.gram_value' depends on axioms: [propext, Classical.choice, Quot.sound]
info: ABEISTests/StoredTensorTrainNorm.lean:99:0: 'QuantumBlockEncoding.StoredTensorTrainNorm.norm_value' depends on axioms: [propext, Classical.choice, Quot.sound]
info: ABEISTests/StoredTensorTrainNorm.lean:100:0: 'QuantumBlockEncoding.StoredTensorTrainNorm.gram_total_cost_le' depends on axioms: [propext,
 Classical.choice,
 Quot.sound]
info: ABEISTests/StoredTensorTrainNorm.lean:101:0: 'QuantumBlockEncoding.StoredTensorTrainNorm.norm_total_cost_le' depends on axioms: [propext,
 Classical.choice,
 Quot.sound]
ℹ [3442/3460] Replayed ABEISTests.PrimitiveCircuitPerturbation
info: ABEISTests/PrimitiveCircuitPerturbation.lean:78:0: 'QuantumBlockEncoding.PrimitiveCircuitPerturbation.aligned_eval_distance_le' depends on axioms: [propext,
 Classical.choice,
 Quot.sound]
info: ABEISTests/PrimitiveCircuitPerturbation.lean:79:0: 'QuantumBlockEncoding.PrimitiveCircuitPerturbation.aligned_eval_clm_distance_le' depends on axioms: [propext,
 Classical.choice,
 Quot.sound]
info: ABEISTests/PrimitiveCircuitPerturbation.lean:80:0: 'QuantumBlockEncoding.PrimitiveCircuitPerturbation.prepare_conditional_distance_le' depends on axioms: [propext,
 Classical.choice,
 Quot.sound]
info: ABEISTests/PrimitiveCircuitPerturbation.lean:81:0: 'QuantumBlockEncoding.PrimitiveCircuitPerturbation.prepare_conditional_clm_distance_le' depends on axioms: [propext,
 Classical.choice,
 Quot.sound]
ℹ [3443/3460] Replayed ABEISTests.PrimitiveRyPerturbation
info: ABEISTests/PrimitiveRyPerturbation.lean:62:0: 'QuantumBlockEncoding.PrimitiveRyPerturbation.standardRy_difference_factor' depends on axioms: [propext,
 Classical.choice,
 Quot.sound]
info: ABEISTests/PrimitiveRyPerturbation.lean:63:0: 'QuantumBlockEncoding.PrimitiveRyPerturbation.eval_ry_distance' depends on axioms: [propext,
 Classical.choice,
 Quot.sound]
info: ABEISTests/PrimitiveRyPerturbation.lean:64:0: 'QuantumBlockEncoding.PrimitiveRyPerturbation.eval_ry_distance_le' depends on axioms: [propext,
 Classical.choice,
 Quot.sound]
info: ABEISTests/PrimitiveRyPerturbation.lean:65:0: 'QuantumBlockEncoding.PrimitiveRyPerturbation.eval_ry_clm_distance_le' depends on axioms: [propext,
 Classical.choice,
 Quot.sound]
info: ABEISTests/PrimitiveRyPerturbation.lean:66:0: 'QuantumBlockEncoding.PrimitiveRyPerturbationTests.mismatched_targets' depends on axioms: [propext,
 Classical.choice,
 Quot.sound]
ℹ [3444/3460] Replayed ABEISTests.StoredBinaryCoordinates
info: ABEISTests/StoredBinaryCoordinates.lean:56:0: 'QuantumBlockEncoding.StoredBinaryCoordinates.binaryReal_value' depends on axioms: [propext,
 Classical.choice,
 Quot.sound]
info: ABEISTests/StoredBinaryCoordinates.lean:57:0: 'QuantumBlockEncoding.StoredBinaryCoordinates.parents_lower' depends on axioms: [propext, Classical.choice, Quot.sound]
info: ABEISTests/StoredBinaryCoordinates.lean:58:0: 'QuantumBlockEncoding.StoredBinaryCoordinates.parents_cost' depends on axioms: [propext, Classical.choice, Quot.sound]
ℹ [3445/3460] Replayed ABEISTests.StoredDyadicSpans
info: ABEISTests/StoredDyadicSpans.lean:48:0: 'QuantumBlockEncoding.StoredDyadicSpans.spans_value' depends on axioms: [propext, Classical.choice, Quot.sound]
info: ABEISTests/StoredDyadicSpans.lean:49:0: 'QuantumBlockEncoding.StoredDyadicSpans.spans_total_cost' depends on axioms: [propext, Classical.choice, Quot.sound]
info: ABEISTests/StoredDyadicSpans.lean:50:0: 'QuantumBlockEncoding.StoredDyadicSpans.spans_integerDoublings' depends on axioms: [propext,
 Classical.choice,
 Quot.sound]
info: ABEISTests/StoredDyadicSpans.lean:51:0: 'QuantumBlockEncoding.StoredDyadicSpans.spans_word_bound' depends on axioms: [propext, Classical.choice, Quot.sound]
info: ABEISTests/StoredDyadicSpans.lean:52:0: 'QuantumBlockEncoding.StoredDyadicSpans.spans_certified' depends on axioms: [propext, Classical.choice, Quot.sound]
info: ABEISTests/StoredDyadicSpans.lean:55:0: { toArray := #[1], size_toArray := _ }
info: ABEISTests/StoredDyadicSpans.lean:56:0: { toArray := #[1, 2], size_toArray := _ }
info: ABEISTests/StoredDyadicSpans.lean:57:0: 170141183460469231731687303715884105728
ℹ [3446/3460] Replayed ABEISTests.StoredHermiteBoundaries
info: ABEISTests/StoredHermiteBoundaries.lean:34:0: 'QuantumBlockEncoding.StoredHermiteBoundaries.initial_value' depends on axioms: [propext, Classical.choice, Quot.sound]
info: ABEISTests/StoredHermiteBoundaries.lean:35:0: 'QuantumBlockEncoding.StoredHermiteBoundaries.terminal_value' depends on axioms: [propext, Classical.choice, Quot.sound]
ℹ [3447/3460] Replayed ABEISTests.StoredHermiteChildGeometry
info: ABEISTests/StoredHermiteChildGeometry.lean:64:0: 'QuantumBlockEncoding.StoredHermiteChildGeometry.child_refines' depends on axioms: [propext,
 Classical.choice,
 Quot.sound]
info: ABEISTests/StoredHermiteChildGeometry.lean:65:0: 'QuantumBlockEncoding.StoredHermiteChildGeometry.children_refines' depends on axioms: [propext,
 Classical.choice,
 Quot.sound]
info: ABEISTests/StoredHermiteChildGeometry.lean:66:0: 'QuantumBlockEncoding.StoredHermiteChildGeometry.children_cost' depends on axioms: [propext,
 Classical.choice,
 Quot.sound]
info: ABEISTests/StoredHermiteChildGeometry.lean:67:0: 'QuantumBlockEncoding.StoredHermiteChildGeometry.children_certified' depends on axioms: [propext,
 Classical.choice,
 Quot.sound]
info: ABEISTests/StoredHermiteChildGeometry.lean:68:0: 'QuantumBlockEncoding.StoredHermiteChildGeometry.child_index_word_bound' depends on axioms: [propext,
 Classical.choice,
 Quot.sound]
ℹ [3448/3460] Replayed ABEISTests.StoredHermiteGeometry
info: ABEISTests/StoredHermiteGeometry.lean:53:0: 'QuantumBlockEncoding.StoredHermiteGeometry.tailCache_value' depends on axioms: [propext, Classical.choice, Quot.sound]
info: ABEISTests/StoredHermiteGeometry.lean:54:0: 'QuantumBlockEncoding.StoredHermiteGeometry.tailCache_cost_le' depends on axioms: [propext,
 Classical.choice,
 Quot.sound]
info: ABEISTests/StoredHermiteGeometry.lean:55:0: 'QuantumBlockEncoding.StoredHermiteGeometry.tailCache_total_cost_le' depends on axioms: [propext,
 Classical.choice,
 Quot.sound]
info: ABEISTests/StoredHermiteGeometry.lean:56:0: 'QuantumBlockEncoding.StoredHermiteGeometry.atStage_rightCore' depends on axioms: [propext,
 Classical.choice,
 Quot.sound]
info: ABEISTests/StoredHermiteGeometry.lean:57:0: 'QuantumBlockEncoding.StoredHermiteGeometry.leftInjection_value' depends on axioms: [propext,
 Classical.choice,
 Quot.sound]
info: ABEISTests/StoredHermiteGeometry.lean:58:0: 'QuantumBlockEncoding.StoredHermiteGeometry.leftInjection_bounds' depends on axioms: [propext,
 Classical.choice,
 Quot.sound]
ℹ [3449/3460] Replayed ABEISTests.StoredHermiteKernelTable
info: ABEISTests/StoredHermiteKernelTable.lean:141:0: 'QuantumBlockEncoding.StoredHermiteKernelTable.assemble_value' depends on axioms: [propext,
 Classical.choice,
 Quot.sound]
info: ABEISTests/StoredHermiteKernelTable.lean:142:0: 'QuantumBlockEncoding.StoredHermiteKernelTable.assemble_source' depends on axioms: [propext,
 Classical.choice,
 Quot.sound]
info: ABEISTests/StoredHermiteKernelTable.lean:143:0: 'QuantumBlockEncoding.StoredHermiteKernelTable.assemble_cost_le' depends on axioms: [propext,
 Classical.choice,
 Quot.sound]
info: ABEISTests/StoredHermiteKernelTable.lean:144:0: 'QuantumBlockEncoding.StoredHermiteKernelTable.assemble_total_cost_le' depends on axioms: [propext,
 Classical.choice,
 Quot.sound]
ℹ [3450/3460] Replayed ABEISTests.StoredHermiteRawCost
info: ABEISTests/StoredHermiteRawCost.lean:89:0: 'QuantumBlockEncoding.StoredHermiteRawCost.ordinary_eq_total' depends on axioms: [propext, Classical.choice, Quot.sound]
info: ABEISTests/StoredHermiteRawCost.lean:90:0: 'QuantumBlockEncoding.StoredHermiteRawCost.collectStages_total_cost' depends on axioms: [propext,
 Classical.choice,
 Quot.sound]
info: ABEISTests/StoredHermiteRawCost.lean:91:0: 'QuantumBlockEncoding.StoredHermiteRawCost.raw_total_cost_le' depends on axioms: [propext, Classical.choice, Quot.sound]
info: ABEISTests/StoredHermiteRawCost.lean:92:0: 'QuantumBlockEncoding.StoredHermiteRawCost.raw_exponentialCalls' depends on axioms: [propext,
 Classical.choice,
 Quot.sound]
info: ABEISTests/StoredHermiteRawCost.lean:93:0: 'QuantumBlockEncoding.StoredHermiteRawCost.raw_exponentialCalls_le' depends on axioms: [propext,
 Classical.choice,
 Quot.sound]
info: ABEISTests/StoredHermiteRawCost.lean:94:0: 'QuantumBlockEncoding.StoredHermiteRawCost.raw_selected_integer_total' depends on axioms: [propext,
 Classical.choice,
 Quot.sound]
info: ABEISTests/StoredHermiteRawCost.lean:95:0: 'QuantumBlockEncoding.StoredHermiteRawCost.raw_certified' depends on axioms: [propext, Classical.choice, Quot.sound]
ℹ [3451/3460] Replayed ABEISTests.StoredHermiteRawSource
info: ABEISTests/StoredHermiteRawSource.lean:149:0: 'QuantumBlockEncoding.StoredHermiteRawSource.raw_value' depends on axioms: [propext, Classical.choice, Quot.sound]
info: ABEISTests/StoredHermiteRawSource.lean:150:0: 'QuantumBlockEncoding.StoredHermiteRawSource.raw_contract' depends on axioms: [propext, Classical.choice, Quot.sound]
info: ABEISTests/StoredHermiteRawSource.lean:151:0: 'QuantumBlockEncoding.StoredHermiteRawSourceTests.raw_maxBond' depends on axioms: [propext,
 Classical.choice,
 Quot.sound]
info: ABEISTests/StoredHermiteRawSource.lean:152:0: 'QuantumBlockEncoding.StoredHermiteRawSourceTests.stored_raw_norm' depends on axioms: [propext,
 Classical.choice,
 Quot.sound]
info: ABEISTests/StoredHermiteRawSource.lean:153:0: 'QuantumBlockEncoding.StoredHermiteRawSourceTests.stored_raw_norm_pos' depends on axioms: [propext,
 Classical.choice,
 Quot.sound]
info: ABEISTests/StoredHermiteRawSource.lean:154:0: 'QuantumBlockEncoding.StoredHermiteRawSourceTests.stored_raw_norm_ge_one' depends on axioms: [propext,
 Classical.choice,
 Quot.sound]
info: ABEISTests/StoredHermiteRawSource.lean:155:0: 'QuantumBlockEncoding.StoredHermiteRawSourceTests.stored_raw_norm_cost_le' depends on axioms: [propext,
 Classical.choice,
 Quot.sound]
ℹ [3452/3460] Replayed ABEISTests.StoredHermiteSharedTables
info: ABEISTests/StoredHermiteSharedTables.lean:80:0: 'QuantumBlockEncoding.StoredHermiteSharedTables.compile_false' depends on axioms: [propext,
 Classical.choice,
 Quot.sound]
info: ABEISTests/StoredHermiteSharedTables.lean:81:0: 'QuantumBlockEncoding.StoredHermiteSharedTables.compile_true' depends on axioms: [propext, Classical.choice, Quot.sound]
info: ABEISTests/StoredHermiteSharedTables.lean:82:0: 'QuantumBlockEncoding.StoredHermiteSharedTables.compile_total_cost_le' depends on axioms: [propext,
 Classical.choice,
 Quot.sound]
info: ABEISTests/StoredHermiteSharedTables.lean:83:0: 'QuantumBlockEncoding.StoredHermiteSharedTables.injectionRow_eq_injectionCore' depends on axioms: [propext,
 Classical.choice,
 Quot.sound]
info: ABEISTests/StoredHermiteSharedTables.lean:84:0: 'QuantumBlockEncoding.StoredHermiteSharedTables.injectionRow_total_cost_le' depends on axioms: [propext,
 Classical.choice,
 Quot.sound]
ℹ [3453/3460] Replayed ABEISTests.StoredHermiteSourceCache
info: ABEISTests/StoredHermiteSourceCache.lean:122:0: 'QuantumBlockEncoding.StoredHermiteSourceCache.compile_source' depends on axioms: [propext,
 Classical.choice,
 Quot.sound]
info: ABEISTests/StoredHermiteSourceCache.lean:123:0: 'QuantumBlockEncoding.StoredHermiteSourceCache.compile_shared_false' depends on axioms: [propext,
 Classical.choice,
 Quot.sound]
info: ABEISTests/StoredHermiteSourceCache.lean:124:0: 'QuantumBlockEncoding.StoredHermiteSourceCache.compile_tails' depends on axioms: [propext, Classical.choice, Quot.sound]
info: ABEISTests/StoredHermiteSourceCache.lean:125:0: 'QuantumBlockEncoding.StoredHermiteSourceCache.compile_origin' depends on axioms: [propext,
 Classical.choice,
 Quot.sound]
info: ABEISTests/StoredHermiteSourceCache.lean:126:0: 'QuantumBlockEncoding.StoredHermiteSourceCache.compile_parents_lower' depends on axioms: [propext,
 Classical.choice,
 Quot.sound]
info: ABEISTests/StoredHermiteSourceCache.lean:127:0: 'QuantumBlockEncoding.StoredHermiteSourceCache.compile_spans' depends on axioms: [propext, Classical.choice, Quot.sound]
info: ABEISTests/StoredHermiteSourceCache.lean:128:0: 'QuantumBlockEncoding.StoredHermiteSourceCache.compile_exponentialCalls' depends on axioms: [propext,
 Classical.choice,
 Quot.sound]
info: ABEISTests/StoredHermiteSourceCache.lean:129:0: 'QuantumBlockEncoding.StoredHermiteSourceCache.compile_cost_le' depends on axioms: [propext,
 Classical.choice,
 Quot.sound]
info: ABEISTests/StoredHermiteSourceCache.lean:130:0: 'QuantumBlockEncoding.StoredHermiteSourceCache.compile_total_cost_le' depends on axioms: [propext,
 Classical.choice,
 Quot.sound]
ℹ [3454/3460] Replayed ABEISTests.StoredHermiteStageFields
info: ABEISTests/StoredHermiteStageFields.lean:104:0: 'QuantumBlockEncoding.StoredHermiteStageFields.one_source' depends on axioms: [propext, Classical.choice, Quot.sound]
info: ABEISTests/StoredHermiteStageFields.lean:105:0: 'QuantumBlockEncoding.StoredHermiteStageFields.two_source' depends on axioms: [propext, Classical.choice, Quot.sound]
info: ABEISTests/StoredHermiteStageFields.lean:106:0: 'QuantumBlockEncoding.StoredHermiteStageFields.two_total_cost_le' depends on axioms: [propext,
 Classical.choice,
 Quot.sound]
info: ABEISTests/StoredHermiteStageFields.lean:107:0: 'QuantumBlockEncoding.StoredHermiteStageFields.two_exponentialCalls_le' depends on axioms: [propext,
 Classical.choice,
 Quot.sound]
info: ABEISTests/StoredHermiteStageFields.lean:108:0: 'QuantumBlockEncoding.StoredHermiteStageFieldsTests.fixture_correct' depends on axioms: [propext,
 Classical.choice,
 Quot.sound]
ℹ [3455/3460] Replayed ABEISTests.StoredHermiteStageInput
info: ABEISTests/StoredHermiteStageInput.lean:61:0: 'QuantumBlockEncoding.StoredHermiteStageInput.inputCorrect' depends on axioms: [propext, Classical.choice, Quot.sound]
info: ABEISTests/StoredHermiteStageInput.lean:62:0: 'QuantumBlockEncoding.StoredHermiteStageInput.input_certified' depends on axioms: [propext,
 Classical.choice,
 Quot.sound]
info: ABEISTests/StoredHermiteStageInput.lean:63:0: 'QuantumBlockEncoding.StoredHermiteStageInput.input_cost' depends on axioms: [propext, Classical.choice, Quot.sound]
info: ABEISTests/StoredHermiteStageInput.lean:64:0: 'QuantumBlockEncoding.StoredHermiteStageInput.input_integerAdditions' depends on axioms: [propext,
 Classical.choice,
 Quot.sound]
ℹ [3456/3460] Replayed ABEISTests.StoredMatrixProductChain
info: ABEISTests/StoredMatrixProductChain.lean:79:0: 'QuantumBlockEncoding.StoredMatrixProductChain.ofTable_refines' depends on axioms: [propext,
 Classical.choice,
 Quot.sound]
info: ABEISTests/StoredMatrixProductChain.lean:80:0: 'QuantumBlockEncoding.StoredMatrixProductChain.ofTable_total_cost_le' depends on axioms: [propext,
 Classical.choice,
 Quot.sound]
info: ABEISTests/StoredMatrixProductChain.lean:81:0: 'QuantumBlockEncoding.StoredMatrixProductChain.ofTable_certified' depends on axioms: [propext,
 Classical.choice,
 Quot.sound]
Build completed successfully (3460 jobs).
